{"fechaTotalizacion":"Nov 15, 2021, 2:45:22 AM","estadoRecuento":{"mesasEsperadas":55,"mesasTotalizadas":55,"mesasTotalizadasPorcentaje":100.0,"cantidadElectores":19188,"cantidadVotantes":14747,"participacionPorcentaje":76.85},"valoresTotalizadosPositivos":[{"idAgrupacion":"11","idAgrupacionTelegrama":"501","nombreAgrupacion":"JUNTOS POR EL CAMBIO","urlLogo":null,"votos":6406,"votosPorcentaje":44.34},{"idAgrupacion":"12","idAgrupacionTelegrama":"502","nombreAgrupacion":"FRENTE DE TODOS","urlLogo":null,"votos":3835,"votosPorcentaje":26.54},{"idAgrupacion":"14","idAgrupacionTelegrama":"504","nombreAgrupacion":"LA LIBERTAD AVANZA","urlLogo":null,"votos":2511,"votosPorcentaje":17.38},{"idAgrupacion":"13","idAgrupacionTelegrama":"503","nombreAgrupacion":"FRENTE DE IZQUIERDA Y DE TRABAJADORES - UNIDAD","urlLogo":null,"votos":1172,"votosPorcentaje":8.11},{"idAgrupacion":"7","idAgrupacionTelegrama":"187","nombreAgrupacion":"AUTODETERMINACIÓN Y LIBERTAD","urlLogo":null,"votos":521,"votosPorcentaje":3.6}],"valoresTotalizadosOtros":{"votosNulos":161,"votosNulosPorcentaje":1.09,"votosEnBlanco":141,"votosEnBlancoPorcentaje":0.95,"votosRecurridosComandoImpugnados":0,"votosRecurridosComandoImpugnadosPorcentaje":0.0}}