{"fechaTotalizacion":"Nov 15, 2021, 2:45:22 AM","estadoRecuento":{"mesasEsperadas":51,"mesasTotalizadas":50,"mesasTotalizadasPorcentaje":98.03,"cantidadElectores":17237,"cantidadVotantes":13313,"participacionPorcentaje":77.23},"valoresTotalizadosPositivos":[{"idAgrupacion":"11","idAgrupacionTelegrama":"501","nombreAgrupacion":"JUNTOS POR EL CAMBIO","urlLogo":null,"votos":5914,"votosPorcentaje":45.4},{"idAgrupacion":"12","idAgrupacionTelegrama":"502","nombreAgrupacion":"FRENTE DE TODOS","urlLogo":null,"votos":3414,"votosPorcentaje":26.2},{"idAgrupacion":"14","idAgrupacionTelegrama":"504","nombreAgrupacion":"LA LIBERTAD AVANZA","urlLogo":null,"votos":1925,"votosPorcentaje":14.77},{"idAgrupacion":"13","idAgrupacionTelegrama":"503","nombreAgrupacion":"FRENTE DE IZQUIERDA Y DE TRABAJADORES - UNIDAD","urlLogo":null,"votos":1250,"votosPorcentaje":9.59},{"idAgrupacion":"7","idAgrupacionTelegrama":"187","nombreAgrupacion":"AUTODETERMINACIÓN Y LIBERTAD","urlLogo":null,"votos":523,"votosPorcentaje":4.01}],"valoresTotalizadosOtros":{"votosNulos":163,"votosNulosPorcentaje":1.22,"votosEnBlanco":118,"votosEnBlancoPorcentaje":0.88,"votosRecurridosComandoImpugnados":6,"votosRecurridosComandoImpugnadosPorcentaje":0.04}}