{"fechaTotalizacion":"Nov 15, 2021, 2:45:22 AM","estadoRecuento":{"mesasEsperadas":47,"mesasTotalizadas":47,"mesasTotalizadasPorcentaje":100.0,"cantidadElectores":16390,"cantidadVotantes":12923,"participacionPorcentaje":78.84},"valoresTotalizadosPositivos":[{"idAgrupacion":"11","idAgrupacionTelegrama":"501","nombreAgrupacion":"JUNTOS POR EL CAMBIO","urlLogo":null,"votos":5619,"votosPorcentaje":44.58},{"idAgrupacion":"12","idAgrupacionTelegrama":"502","nombreAgrupacion":"FRENTE DE TODOS","urlLogo":null,"votos":3370,"votosPorcentaje":26.74},{"idAgrupacion":"14","idAgrupacionTelegrama":"504","nombreAgrupacion":"LA LIBERTAD AVANZA","urlLogo":null,"votos":2056,"votosPorcentaje":16.31},{"idAgrupacion":"13","idAgrupacionTelegrama":"503","nombreAgrupacion":"FRENTE DE IZQUIERDA Y DE TRABAJADORES - UNIDAD","urlLogo":null,"votos":1088,"votosPorcentaje":8.63},{"idAgrupacion":"7","idAgrupacionTelegrama":"187","nombreAgrupacion":"AUTODETERMINACIÓN Y LIBERTAD","urlLogo":null,"votos":469,"votosPorcentaje":3.72}],"valoresTotalizadosOtros":{"votosNulos":175,"votosNulosPorcentaje":1.35,"votosEnBlanco":132,"votosEnBlancoPorcentaje":1.02,"votosRecurridosComandoImpugnados":14,"votosRecurridosComandoImpugnadosPorcentaje":0.1}}