{"fechaTotalizacion":"Nov 15, 2021, 2:45:22 AM","estadoRecuento":{"mesasEsperadas":29,"mesasTotalizadas":28,"mesasTotalizadasPorcentaje":96.55,"cantidadElectores":9516,"cantidadVotantes":6959,"participacionPorcentaje":73.12},"valoresTotalizadosPositivos":[{"idAgrupacion":"11","idAgrupacionTelegrama":"501","nombreAgrupacion":"JUNTOS POR EL CAMBIO","urlLogo":null,"votos":2474,"votosPorcentaje":36.59},{"idAgrupacion":"12","idAgrupacionTelegrama":"502","nombreAgrupacion":"FRENTE DE TODOS","urlLogo":null,"votos":2334,"votosPorcentaje":34.52},{"idAgrupacion":"14","idAgrupacionTelegrama":"504","nombreAgrupacion":"LA LIBERTAD AVANZA","urlLogo":null,"votos":1213,"votosPorcentaje":17.94},{"idAgrupacion":"13","idAgrupacionTelegrama":"503","nombreAgrupacion":"FRENTE DE IZQUIERDA Y DE TRABAJADORES - UNIDAD","urlLogo":null,"votos":517,"votosPorcentaje":7.64},{"idAgrupacion":"7","idAgrupacionTelegrama":"187","nombreAgrupacion":"AUTODETERMINACIÓN Y LIBERTAD","urlLogo":null,"votos":223,"votosPorcentaje":3.29}],"valoresTotalizadosOtros":{"votosNulos":134,"votosNulosPorcentaje":1.92,"votosEnBlanco":64,"votosEnBlancoPorcentaje":0.91,"votosRecurridosComandoImpugnados":0,"votosRecurridosComandoImpugnadosPorcentaje":0.0}}