{"fechaTotalizacion":"Nov 15, 2021, 2:45:22 AM","estadoRecuento":{"mesasEsperadas":35,"mesasTotalizadas":35,"mesasTotalizadasPorcentaje":100.0,"cantidadElectores":11997,"cantidadVotantes":9037,"participacionPorcentaje":75.32},"valoresTotalizadosPositivos":[{"idAgrupacion":"11","idAgrupacionTelegrama":"501","nombreAgrupacion":"JUNTOS POR EL CAMBIO","urlLogo":null,"votos":3375,"votosPorcentaje":38.4},{"idAgrupacion":"12","idAgrupacionTelegrama":"502","nombreAgrupacion":"FRENTE DE TODOS","urlLogo":null,"votos":2696,"votosPorcentaje":30.68},{"idAgrupacion":"14","idAgrupacionTelegrama":"504","nombreAgrupacion":"LA LIBERTAD AVANZA","urlLogo":null,"votos":1725,"votosPorcentaje":19.63},{"idAgrupacion":"13","idAgrupacionTelegrama":"503","nombreAgrupacion":"FRENTE DE IZQUIERDA Y DE TRABAJADORES - UNIDAD","urlLogo":null,"votos":708,"votosPorcentaje":8.05},{"idAgrupacion":"7","idAgrupacionTelegrama":"187","nombreAgrupacion":"AUTODETERMINACIÓN Y LIBERTAD","urlLogo":null,"votos":283,"votosPorcentaje":3.22}],"valoresTotalizadosOtros":{"votosNulos":131,"votosNulosPorcentaje":1.44,"votosEnBlanco":118,"votosEnBlancoPorcentaje":1.3,"votosRecurridosComandoImpugnados":1,"votosRecurridosComandoImpugnadosPorcentaje":0.01}}