{"fechaTotalizacion":"Nov 15, 2021, 2:45:22 AM","estadoRecuento":{"mesasEsperadas":42,"mesasTotalizadas":42,"mesasTotalizadasPorcentaje":100.0,"cantidadElectores":14348,"cantidadVotantes":11064,"participacionPorcentaje":77.11},"valoresTotalizadosPositivos":[{"idAgrupacion":"11","idAgrupacionTelegrama":"501","nombreAgrupacion":"JUNTOS POR EL CAMBIO","urlLogo":null,"votos":5417,"votosPorcentaje":50.0},{"idAgrupacion":"12","idAgrupacionTelegrama":"502","nombreAgrupacion":"FRENTE DE TODOS","urlLogo":null,"votos":2436,"votosPorcentaje":22.48},{"idAgrupacion":"14","idAgrupacionTelegrama":"504","nombreAgrupacion":"LA LIBERTAD AVANZA","urlLogo":null,"votos":1781,"votosPorcentaje":16.44},{"idAgrupacion":"13","idAgrupacionTelegrama":"503","nombreAgrupacion":"FRENTE DE IZQUIERDA Y DE TRABAJADORES - UNIDAD","urlLogo":null,"votos":818,"votosPorcentaje":7.55},{"idAgrupacion":"7","idAgrupacionTelegrama":"187","nombreAgrupacion":"AUTODETERMINACIÓN Y LIBERTAD","urlLogo":null,"votos":381,"votosPorcentaje":3.51}],"valoresTotalizadosOtros":{"votosNulos":121,"votosNulosPorcentaje":1.09,"votosEnBlanco":108,"votosEnBlancoPorcentaje":0.97,"votosRecurridosComandoImpugnados":2,"votosRecurridosComandoImpugnadosPorcentaje":0.01}}