{"fechaTotalizacion":"Nov 15, 2021, 2:45:22 AM","estadoRecuento":{"mesasEsperadas":60,"mesasTotalizadas":60,"mesasTotalizadasPorcentaje":100.0,"cantidadElectores":20672,"cantidadVotantes":15526,"participacionPorcentaje":75.1},"valoresTotalizadosPositivos":[{"idAgrupacion":"11","idAgrupacionTelegrama":"501","nombreAgrupacion":"JUNTOS POR EL CAMBIO","urlLogo":null,"votos":8030,"votosPorcentaje":52.89},{"idAgrupacion":"12","idAgrupacionTelegrama":"502","nombreAgrupacion":"FRENTE DE TODOS","urlLogo":null,"votos":3146,"votosPorcentaje":20.72},{"idAgrupacion":"14","idAgrupacionTelegrama":"504","nombreAgrupacion":"LA LIBERTAD AVANZA","urlLogo":null,"votos":2552,"votosPorcentaje":16.8},{"idAgrupacion":"13","idAgrupacionTelegrama":"503","nombreAgrupacion":"FRENTE DE IZQUIERDA Y DE TRABAJADORES - UNIDAD","urlLogo":null,"votos":1036,"votosPorcentaje":6.82},{"idAgrupacion":"7","idAgrupacionTelegrama":"187","nombreAgrupacion":"AUTODETERMINACIÓN Y LIBERTAD","urlLogo":null,"votos":418,"votosPorcentaje":2.75}],"valoresTotalizadosOtros":{"votosNulos":208,"votosNulosPorcentaje":1.33,"votosEnBlanco":133,"votosEnBlancoPorcentaje":0.85,"votosRecurridosComandoImpugnados":3,"votosRecurridosComandoImpugnadosPorcentaje":0.01}}