{"fechaTotalizacion":"Nov 15, 2021, 2:45:22 AM","estadoRecuento":{"mesasEsperadas":77,"mesasTotalizadas":76,"mesasTotalizadasPorcentaje":98.7,"cantidadElectores":26516,"cantidadVotantes":18950,"participacionPorcentaje":71.46},"valoresTotalizadosPositivos":[{"idAgrupacion":"11","idAgrupacionTelegrama":"501","nombreAgrupacion":"JUNTOS POR EL CAMBIO","urlLogo":null,"votos":9795,"votosPorcentaje":52.78},{"idAgrupacion":"12","idAgrupacionTelegrama":"502","nombreAgrupacion":"FRENTE DE TODOS","urlLogo":null,"votos":4057,"votosPorcentaje":21.86},{"idAgrupacion":"14","idAgrupacionTelegrama":"504","nombreAgrupacion":"LA LIBERTAD AVANZA","urlLogo":null,"votos":2656,"votosPorcentaje":14.31},{"idAgrupacion":"13","idAgrupacionTelegrama":"503","nombreAgrupacion":"FRENTE DE IZQUIERDA Y DE TRABAJADORES - UNIDAD","urlLogo":null,"votos":1504,"votosPorcentaje":8.1},{"idAgrupacion":"7","idAgrupacionTelegrama":"187","nombreAgrupacion":"AUTODETERMINACIÓN Y LIBERTAD","urlLogo":null,"votos":544,"votosPorcentaje":2.93}],"valoresTotalizadosOtros":{"votosNulos":237,"votosNulosPorcentaje":1.25,"votosEnBlanco":144,"votosEnBlancoPorcentaje":0.75,"votosRecurridosComandoImpugnados":13,"votosRecurridosComandoImpugnadosPorcentaje":0.06}}