{"fechaTotalizacion":"Nov 15, 2021, 2:45:22 AM","estadoRecuento":{"mesasEsperadas":38,"mesasTotalizadas":38,"mesasTotalizadasPorcentaje":100.0,"cantidadElectores":13129,"cantidadVotantes":9691,"participacionPorcentaje":73.81},"valoresTotalizadosPositivos":[{"idAgrupacion":"11","idAgrupacionTelegrama":"501","nombreAgrupacion":"JUNTOS POR EL CAMBIO","urlLogo":null,"votos":4217,"votosPorcentaje":44.36},{"idAgrupacion":"12","idAgrupacionTelegrama":"502","nombreAgrupacion":"FRENTE DE TODOS","urlLogo":null,"votos":2561,"votosPorcentaje":26.94},{"idAgrupacion":"14","idAgrupacionTelegrama":"504","nombreAgrupacion":"LA LIBERTAD AVANZA","urlLogo":null,"votos":1450,"votosPorcentaje":15.25},{"idAgrupacion":"13","idAgrupacionTelegrama":"503","nombreAgrupacion":"FRENTE DE IZQUIERDA Y DE TRABAJADORES - UNIDAD","urlLogo":null,"votos":932,"votosPorcentaje":9.8},{"idAgrupacion":"7","idAgrupacionTelegrama":"187","nombreAgrupacion":"AUTODETERMINACIÓN Y LIBERTAD","urlLogo":null,"votos":346,"votosPorcentaje":3.63}],"valoresTotalizadosOtros":{"votosNulos":95,"votosNulosPorcentaje":0.98,"votosEnBlanco":85,"votosEnBlancoPorcentaje":0.87,"votosRecurridosComandoImpugnados":5,"votosRecurridosComandoImpugnadosPorcentaje":0.05}}