{"fechaTotalizacion":"Nov 15, 2021, 2:45:22 AM","estadoRecuento":{"mesasEsperadas":34,"mesasTotalizadas":33,"mesasTotalizadasPorcentaje":97.05,"cantidadElectores":11310,"cantidadVotantes":8080,"participacionPorcentaje":71.44},"valoresTotalizadosPositivos":[{"idAgrupacion":"11","idAgrupacionTelegrama":"501","nombreAgrupacion":"JUNTOS POR EL CAMBIO","urlLogo":null,"votos":3437,"votosPorcentaje":43.66},{"idAgrupacion":"12","idAgrupacionTelegrama":"502","nombreAgrupacion":"FRENTE DE TODOS","urlLogo":null,"votos":2147,"votosPorcentaje":27.27},{"idAgrupacion":"14","idAgrupacionTelegrama":"504","nombreAgrupacion":"LA LIBERTAD AVANZA","urlLogo":null,"votos":1361,"votosPorcentaje":17.28},{"idAgrupacion":"13","idAgrupacionTelegrama":"503","nombreAgrupacion":"FRENTE DE IZQUIERDA Y DE TRABAJADORES - UNIDAD","urlLogo":null,"votos":613,"votosPorcentaje":7.78},{"idAgrupacion":"7","idAgrupacionTelegrama":"187","nombreAgrupacion":"AUTODETERMINACIÓN Y LIBERTAD","urlLogo":null,"votos":314,"votosPorcentaje":3.98}],"valoresTotalizadosOtros":{"votosNulos":128,"votosNulosPorcentaje":1.58,"votosEnBlanco":74,"votosEnBlancoPorcentaje":0.91,"votosRecurridosComandoImpugnados":6,"votosRecurridosComandoImpugnadosPorcentaje":0.07}}