{"fechaTotalizacion":"Nov 15, 2021, 2:45:22 AM","estadoRecuento":{"mesasEsperadas":83,"mesasTotalizadas":83,"mesasTotalizadasPorcentaje":100.0,"cantidadElectores":28737,"cantidadVotantes":22140,"participacionPorcentaje":77.04},"valoresTotalizadosPositivos":[{"idAgrupacion":"11","idAgrupacionTelegrama":"501","nombreAgrupacion":"JUNTOS POR EL CAMBIO","urlLogo":null,"votos":11427,"votosPorcentaje":52.7},{"idAgrupacion":"12","idAgrupacionTelegrama":"502","nombreAgrupacion":"FRENTE DE TODOS","urlLogo":null,"votos":4609,"votosPorcentaje":21.25},{"idAgrupacion":"14","idAgrupacionTelegrama":"504","nombreAgrupacion":"LA LIBERTAD AVANZA","urlLogo":null,"votos":3339,"votosPorcentaje":15.39},{"idAgrupacion":"13","idAgrupacionTelegrama":"503","nombreAgrupacion":"FRENTE DE IZQUIERDA Y DE TRABAJADORES - UNIDAD","urlLogo":null,"votos":1655,"votosPorcentaje":7.63},{"idAgrupacion":"7","idAgrupacionTelegrama":"187","nombreAgrupacion":"AUTODETERMINACIÓN Y LIBERTAD","urlLogo":null,"votos":653,"votosPorcentaje":3.01}],"valoresTotalizadosOtros":{"votosNulos":221,"votosNulosPorcentaje":0.99,"votosEnBlanco":228,"votosEnBlancoPorcentaje":1.02,"votosRecurridosComandoImpugnados":8,"votosRecurridosComandoImpugnadosPorcentaje":0.03}}