{"fechaTotalizacion":"Nov 15, 2021, 2:45:22 AM","estadoRecuento":{"mesasEsperadas":33,"mesasTotalizadas":33,"mesasTotalizadasPorcentaje":100.0,"cantidadElectores":11361,"cantidadVotantes":7365,"participacionPorcentaje":64.82},"valoresTotalizadosPositivos":[{"idAgrupacion":"11","idAgrupacionTelegrama":"501","nombreAgrupacion":"JUNTOS POR EL CAMBIO","urlLogo":null,"votos":2535,"votosPorcentaje":35.32},{"idAgrupacion":"12","idAgrupacionTelegrama":"502","nombreAgrupacion":"FRENTE DE TODOS","urlLogo":null,"votos":2534,"votosPorcentaje":35.31},{"idAgrupacion":"14","idAgrupacionTelegrama":"504","nombreAgrupacion":"LA LIBERTAD AVANZA","urlLogo":null,"votos":1289,"votosPorcentaje":17.96},{"idAgrupacion":"13","idAgrupacionTelegrama":"503","nombreAgrupacion":"FRENTE DE IZQUIERDA Y DE TRABAJADORES - UNIDAD","urlLogo":null,"votos":598,"votosPorcentaje":8.33},{"idAgrupacion":"7","idAgrupacionTelegrama":"187","nombreAgrupacion":"AUTODETERMINACIÓN Y LIBERTAD","urlLogo":null,"votos":220,"votosPorcentaje":3.06}],"valoresTotalizadosOtros":{"votosNulos":113,"votosNulosPorcentaje":1.53,"votosEnBlanco":63,"votosEnBlancoPorcentaje":0.85,"votosRecurridosComandoImpugnados":13,"votosRecurridosComandoImpugnadosPorcentaje":0.17}}