{"fechaTotalizacion":"Nov 15, 2021, 2:45:22 AM","estadoRecuento":{"mesasEsperadas":37,"mesasTotalizadas":37,"mesasTotalizadasPorcentaje":100.0,"cantidadElectores":12936,"cantidadVotantes":10142,"participacionPorcentaje":78.4},"valoresTotalizadosPositivos":[{"idAgrupacion":"11","idAgrupacionTelegrama":"501","nombreAgrupacion":"JUNTOS POR EL CAMBIO","urlLogo":null,"votos":4612,"votosPorcentaje":46.33},{"idAgrupacion":"12","idAgrupacionTelegrama":"502","nombreAgrupacion":"FRENTE DE TODOS","urlLogo":null,"votos":2454,"votosPorcentaje":24.65},{"idAgrupacion":"14","idAgrupacionTelegrama":"504","nombreAgrupacion":"LA LIBERTAD AVANZA","urlLogo":null,"votos":1608,"votosPorcentaje":16.15},{"idAgrupacion":"13","idAgrupacionTelegrama":"503","nombreAgrupacion":"FRENTE DE IZQUIERDA Y DE TRABAJADORES - UNIDAD","urlLogo":null,"votos":899,"votosPorcentaje":9.03},{"idAgrupacion":"7","idAgrupacionTelegrama":"187","nombreAgrupacion":"AUTODETERMINACIÓN Y LIBERTAD","urlLogo":null,"votos":380,"votosPorcentaje":3.81}],"valoresTotalizadosOtros":{"votosNulos":124,"votosNulosPorcentaje":1.22,"votosEnBlanco":65,"votosEnBlancoPorcentaje":0.64,"votosRecurridosComandoImpugnados":0,"votosRecurridosComandoImpugnadosPorcentaje":0.0}}