{"fechaTotalizacion":"Nov 15, 2021, 2:45:22 AM","estadoRecuento":{"mesasEsperadas":49,"mesasTotalizadas":48,"mesasTotalizadasPorcentaje":97.95,"cantidadElectores":16564,"cantidadVotantes":12632,"participacionPorcentaje":76.26},"valoresTotalizadosPositivos":[{"idAgrupacion":"11","idAgrupacionTelegrama":"501","nombreAgrupacion":"JUNTOS POR EL CAMBIO","urlLogo":null,"votos":5403,"votosPorcentaje":43.86},{"idAgrupacion":"12","idAgrupacionTelegrama":"502","nombreAgrupacion":"FRENTE DE TODOS","urlLogo":null,"votos":3353,"votosPorcentaje":27.22},{"idAgrupacion":"14","idAgrupacionTelegrama":"504","nombreAgrupacion":"LA LIBERTAD AVANZA","urlLogo":null,"votos":2009,"votosPorcentaje":16.31},{"idAgrupacion":"13","idAgrupacionTelegrama":"503","nombreAgrupacion":"FRENTE DE IZQUIERDA Y DE TRABAJADORES - UNIDAD","urlLogo":null,"votos":1067,"votosPorcentaje":8.66},{"idAgrupacion":"7","idAgrupacionTelegrama":"187","nombreAgrupacion":"AUTODETERMINACIÓN Y LIBERTAD","urlLogo":null,"votos":485,"votosPorcentaje":3.93}],"valoresTotalizadosOtros":{"votosNulos":188,"votosNulosPorcentaje":1.48,"votosEnBlanco":124,"votosEnBlancoPorcentaje":0.98,"votosRecurridosComandoImpugnados":3,"votosRecurridosComandoImpugnadosPorcentaje":0.02}}