{"fechaTotalizacion":"Nov 15, 2021, 2:45:22 AM","estadoRecuento":{"mesasEsperadas":7,"mesasTotalizadas":7,"mesasTotalizadasPorcentaje":100.0,"cantidadElectores":2354,"cantidadVotantes":1484,"participacionPorcentaje":63.04},"valoresTotalizadosPositivos":[{"idAgrupacion":"43","idAgrupacionTelegrama":"506","nombreAgrupacion":"JUNTOS","urlLogo":null,"votos":752,"votosPorcentaje":52.51},{"idAgrupacion":"44","idAgrupacionTelegrama":"507","nombreAgrupacion":"FRENTE DE TODOS","urlLogo":null,"votos":384,"votosPorcentaje":26.81},{"idAgrupacion":"40","idAgrupacionTelegrama":"503","nombreAgrupacion":"AVANZA LIBERTAD","urlLogo":null,"votos":100,"votosPorcentaje":6.98},{"idAgrupacion":"41","idAgrupacionTelegrama":"504","nombreAgrupacion":"FRENTE DE IZQUIERDA Y DE TRABAJADORES - UNIDAD","urlLogo":null,"votos":70,"votosPorcentaje":4.88},{"idAgrupacion":"45","idAgrupacionTelegrama":"508","nombreAgrupacion":"FRENTE VAMOS CON VOS","urlLogo":null,"votos":70,"votosPorcentaje":4.88},{"idAgrupacion":"38","idAgrupacionTelegrama":"501","nombreAgrupacion":"+ VALORES","urlLogo":null,"votos":56,"votosPorcentaje":3.91}],"valoresTotalizadosOtros":{"votosNulos":9,"votosNulosPorcentaje":0.6,"votosEnBlanco":42,"votosEnBlancoPorcentaje":2.83,"votosRecurridosComandoImpugnados":1,"votosRecurridosComandoImpugnadosPorcentaje":0.06}}