{"fechaTotalizacion":"Nov 15, 2021, 2:45:22 AM","estadoRecuento":{"mesasEsperadas":8,"mesasTotalizadas":8,"mesasTotalizadasPorcentaje":100.0,"cantidadElectores":2680,"cantidadVotantes":1859,"participacionPorcentaje":69.36},"valoresTotalizadosPositivos":[{"idAgrupacion":"43","idAgrupacionTelegrama":"506","nombreAgrupacion":"JUNTOS","urlLogo":null,"votos":992,"votosPorcentaje":65.52},{"idAgrupacion":"44","idAgrupacionTelegrama":"507","nombreAgrupacion":"FRENTE DE TODOS","urlLogo":null,"votos":309,"votosPorcentaje":20.4},{"idAgrupacion":"40","idAgrupacionTelegrama":"503","nombreAgrupacion":"AVANZA LIBERTAD","urlLogo":null,"votos":96,"votosPorcentaje":6.34},{"idAgrupacion":"45","idAgrupacionTelegrama":"508","nombreAgrupacion":"FRENTE VAMOS CON VOS","urlLogo":null,"votos":57,"votosPorcentaje":3.76},{"idAgrupacion":"41","idAgrupacionTelegrama":"504","nombreAgrupacion":"FRENTE DE IZQUIERDA Y DE TRABAJADORES - UNIDAD","urlLogo":null,"votos":39,"votosPorcentaje":2.57},{"idAgrupacion":"38","idAgrupacionTelegrama":"501","nombreAgrupacion":"+ VALORES","urlLogo":null,"votos":21,"votosPorcentaje":1.38}],"valoresTotalizadosOtros":{"votosNulos":9,"votosNulosPorcentaje":0.48,"votosEnBlanco":332,"votosEnBlancoPorcentaje":17.85,"votosRecurridosComandoImpugnados":4,"votosRecurridosComandoImpugnadosPorcentaje":0.21}}