{"fechaTotalizacion":"Nov 15, 2021, 2:45:22 AM","estadoRecuento":{"mesasEsperadas":161,"mesasTotalizadas":160,"mesasTotalizadasPorcentaje":99.37,"cantidadElectores":56334,"cantidadVotantes":39117,"participacionPorcentaje":69.43},"valoresTotalizadosPositivos":[{"idAgrupacion":"44","idAgrupacionTelegrama":"507","nombreAgrupacion":"FRENTE DE TODOS","urlLogo":null,"votos":14260,"votosPorcentaje":37.58},{"idAgrupacion":"43","idAgrupacionTelegrama":"506","nombreAgrupacion":"JUNTOS","urlLogo":null,"votos":13954,"votosPorcentaje":36.77},{"idAgrupacion":"41","idAgrupacionTelegrama":"504","nombreAgrupacion":"FRENTE DE IZQUIERDA Y DE TRABAJADORES - UNIDAD","urlLogo":null,"votos":3419,"votosPorcentaje":9.01},{"idAgrupacion":"40","idAgrupacionTelegrama":"503","nombreAgrupacion":"AVANZA LIBERTAD","urlLogo":null,"votos":3399,"votosPorcentaje":8.95},{"idAgrupacion":"45","idAgrupacionTelegrama":"508","nombreAgrupacion":"FRENTE VAMOS CON VOS","urlLogo":null,"votos":1789,"votosPorcentaje":4.71},{"idAgrupacion":"38","idAgrupacionTelegrama":"501","nombreAgrupacion":"+ VALORES","urlLogo":null,"votos":1123,"votosPorcentaje":2.95}],"valoresTotalizadosOtros":{"votosNulos":311,"votosNulosPorcentaje":0.79,"votosEnBlanco":842,"votosEnBlancoPorcentaje":2.15,"votosRecurridosComandoImpugnados":20,"votosRecurridosComandoImpugnadosPorcentaje":0.05}}