{"fechaTotalizacion":"Nov 15, 2021, 2:45:22 AM","estadoRecuento":{"mesasEsperadas":84,"mesasTotalizadas":83,"mesasTotalizadasPorcentaje":98.8,"cantidadElectores":29003,"cantidadVotantes":21460,"participacionPorcentaje":73.99},"valoresTotalizadosPositivos":[{"idAgrupacion":"43","idAgrupacionTelegrama":"506","nombreAgrupacion":"JUNTOS","urlLogo":null,"votos":9530,"votosPorcentaje":45.53},{"idAgrupacion":"44","idAgrupacionTelegrama":"507","nombreAgrupacion":"FRENTE DE TODOS","urlLogo":null,"votos":6876,"votosPorcentaje":32.85},{"idAgrupacion":"41","idAgrupacionTelegrama":"504","nombreAgrupacion":"FRENTE DE IZQUIERDA Y DE TRABAJADORES - UNIDAD","urlLogo":null,"votos":1684,"votosPorcentaje":8.04},{"idAgrupacion":"40","idAgrupacionTelegrama":"503","nombreAgrupacion":"AVANZA LIBERTAD","urlLogo":null,"votos":1431,"votosPorcentaje":6.83},{"idAgrupacion":"45","idAgrupacionTelegrama":"508","nombreAgrupacion":"FRENTE VAMOS CON VOS","urlLogo":null,"votos":877,"votosPorcentaje":4.19},{"idAgrupacion":"38","idAgrupacionTelegrama":"501","nombreAgrupacion":"+ VALORES","urlLogo":null,"votos":531,"votosPorcentaje":2.53}],"valoresTotalizadosOtros":{"votosNulos":263,"votosNulosPorcentaje":1.22,"votosEnBlanco":245,"votosEnBlancoPorcentaje":1.14,"votosRecurridosComandoImpugnados":23,"votosRecurridosComandoImpugnadosPorcentaje":0.1}}