{"fechaTotalizacion":"Nov 15, 2021, 2:45:22 AM","estadoRecuento":{"mesasEsperadas":49,"mesasTotalizadas":49,"mesasTotalizadasPorcentaje":100.0,"cantidadElectores":17200,"cantidadVotantes":12190,"participacionPorcentaje":70.87},"valoresTotalizadosPositivos":[{"idAgrupacion":"43","idAgrupacionTelegrama":"506","nombreAgrupacion":"JUNTOS","urlLogo":null,"votos":4344,"votosPorcentaje":39.29},{"idAgrupacion":"44","idAgrupacionTelegrama":"507","nombreAgrupacion":"FRENTE DE TODOS","urlLogo":null,"votos":4092,"votosPorcentaje":37.01},{"idAgrupacion":"40","idAgrupacionTelegrama":"503","nombreAgrupacion":"AVANZA LIBERTAD","urlLogo":null,"votos":1534,"votosPorcentaje":13.87},{"idAgrupacion":"45","idAgrupacionTelegrama":"508","nombreAgrupacion":"FRENTE VAMOS CON VOS","urlLogo":null,"votos":704,"votosPorcentaje":6.36},{"idAgrupacion":"41","idAgrupacionTelegrama":"504","nombreAgrupacion":"FRENTE DE IZQUIERDA Y DE TRABAJADORES - UNIDAD","urlLogo":null,"votos":237,"votosPorcentaje":2.14},{"idAgrupacion":"38","idAgrupacionTelegrama":"501","nombreAgrupacion":"+ VALORES","urlLogo":null,"votos":144,"votosPorcentaje":1.3}],"valoresTotalizadosOtros":{"votosNulos":137,"votosNulosPorcentaje":1.12,"votosEnBlanco":995,"votosEnBlancoPorcentaje":8.16,"votosRecurridosComandoImpugnados":3,"votosRecurridosComandoImpugnadosPorcentaje":0.02}}