{"fechaTotalizacion":"Nov 15, 2021, 2:45:22 AM","estadoRecuento":{"mesasEsperadas":2,"mesasTotalizadas":2,"mesasTotalizadasPorcentaje":100.0,"cantidadElectores":404,"cantidadVotantes":345,"participacionPorcentaje":85.39},"valoresTotalizadosPositivos":[{"idAgrupacion":"43","idAgrupacionTelegrama":"506","nombreAgrupacion":"JUNTOS","urlLogo":null,"votos":165,"votosPorcentaje":49.1},{"idAgrupacion":"44","idAgrupacionTelegrama":"507","nombreAgrupacion":"FRENTE DE TODOS","urlLogo":null,"votos":142,"votosPorcentaje":42.26},{"idAgrupacion":"41","idAgrupacionTelegrama":"504","nombreAgrupacion":"FRENTE DE IZQUIERDA Y DE TRABAJADORES - UNIDAD","urlLogo":null,"votos":14,"votosPorcentaje":4.16},{"idAgrupacion":"45","idAgrupacionTelegrama":"508","nombreAgrupacion":"FRENTE VAMOS CON VOS","urlLogo":null,"votos":8,"votosPorcentaje":2.38},{"idAgrupacion":"38","idAgrupacionTelegrama":"501","nombreAgrupacion":"+ VALORES","urlLogo":null,"votos":4,"votosPorcentaje":1.19},{"idAgrupacion":"40","idAgrupacionTelegrama":"503","nombreAgrupacion":"AVANZA LIBERTAD","urlLogo":null,"votos":3,"votosPorcentaje":0.89}],"valoresTotalizadosOtros":{"votosNulos":0,"votosNulosPorcentaje":0.0,"votosEnBlanco":9,"votosEnBlancoPorcentaje":2.6,"votosRecurridosComandoImpugnados":0,"votosRecurridosComandoImpugnadosPorcentaje":0.0}}