{"fechaTotalizacion":"Nov 15, 2021, 2:45:22 AM","estadoRecuento":{"mesasEsperadas":25,"mesasTotalizadas":25,"mesasTotalizadasPorcentaje":100.0,"cantidadElectores":8707,"cantidadVotantes":6743,"participacionPorcentaje":77.44},"valoresTotalizadosPositivos":[{"idAgrupacion":"43","idAgrupacionTelegrama":"506","nombreAgrupacion":"JUNTOS","urlLogo":null,"votos":3903,"votosPorcentaje":60.56},{"idAgrupacion":"44","idAgrupacionTelegrama":"507","nombreAgrupacion":"FRENTE DE TODOS","urlLogo":null,"votos":1077,"votosPorcentaje":16.71},{"idAgrupacion":"40","idAgrupacionTelegrama":"503","nombreAgrupacion":"AVANZA LIBERTAD","urlLogo":null,"votos":826,"votosPorcentaje":12.81},{"idAgrupacion":"41","idAgrupacionTelegrama":"504","nombreAgrupacion":"FRENTE DE IZQUIERDA Y DE TRABAJADORES - UNIDAD","urlLogo":null,"votos":330,"votosPorcentaje":5.12},{"idAgrupacion":"45","idAgrupacionTelegrama":"508","nombreAgrupacion":"FRENTE VAMOS CON VOS","urlLogo":null,"votos":217,"votosPorcentaje":3.36},{"idAgrupacion":"38","idAgrupacionTelegrama":"501","nombreAgrupacion":"+ VALORES","urlLogo":null,"votos":91,"votosPorcentaje":1.41}],"valoresTotalizadosOtros":{"votosNulos":73,"votosNulosPorcentaje":1.08,"votosEnBlanco":214,"votosEnBlancoPorcentaje":3.17,"votosRecurridosComandoImpugnados":12,"votosRecurridosComandoImpugnadosPorcentaje":0.17}}