{"fechaTotalizacion":"Nov 15, 2021, 2:45:22 AM","estadoRecuento":{"mesasEsperadas":162,"mesasTotalizadas":162,"mesasTotalizadasPorcentaje":100.0,"cantidadElectores":56706,"cantidadVotantes":41103,"participacionPorcentaje":72.48},"valoresTotalizadosPositivos":[{"idAgrupacion":"44","idAgrupacionTelegrama":"507","nombreAgrupacion":"FRENTE DE TODOS","urlLogo":null,"votos":23429,"votosPorcentaje":58.74},{"idAgrupacion":"43","idAgrupacionTelegrama":"506","nombreAgrupacion":"JUNTOS","urlLogo":null,"votos":6865,"votosPorcentaje":17.21},{"idAgrupacion":"41","idAgrupacionTelegrama":"504","nombreAgrupacion":"FRENTE DE IZQUIERDA Y DE TRABAJADORES - UNIDAD","urlLogo":null,"votos":3806,"votosPorcentaje":9.54},{"idAgrupacion":"40","idAgrupacionTelegrama":"503","nombreAgrupacion":"AVANZA LIBERTAD","urlLogo":null,"votos":2242,"votosPorcentaje":5.62},{"idAgrupacion":"38","idAgrupacionTelegrama":"501","nombreAgrupacion":"+ VALORES","urlLogo":null,"votos":1887,"votosPorcentaje":4.73},{"idAgrupacion":"45","idAgrupacionTelegrama":"508","nombreAgrupacion":"FRENTE VAMOS CON VOS","urlLogo":null,"votos":1654,"votosPorcentaje":4.14}],"valoresTotalizadosOtros":{"votosNulos":156,"votosNulosPorcentaje":0.37,"votosEnBlanco":1047,"votosEnBlancoPorcentaje":2.54,"votosRecurridosComandoImpugnados":17,"votosRecurridosComandoImpugnadosPorcentaje":0.04}}