{"fechaTotalizacion":"Nov 15, 2021, 2:45:22 AM","estadoRecuento":{"mesasEsperadas":87,"mesasTotalizadas":86,"mesasTotalizadasPorcentaje":98.85,"cantidadElectores":30053,"cantidadVotantes":22576,"participacionPorcentaje":75.12},"valoresTotalizadosPositivos":[{"idAgrupacion":"43","idAgrupacionTelegrama":"506","nombreAgrupacion":"JUNTOS","urlLogo":null,"votos":11343,"votosPorcentaje":51.41},{"idAgrupacion":"44","idAgrupacionTelegrama":"507","nombreAgrupacion":"FRENTE DE TODOS","urlLogo":null,"votos":6465,"votosPorcentaje":29.3},{"idAgrupacion":"40","idAgrupacionTelegrama":"503","nombreAgrupacion":"AVANZA LIBERTAD","urlLogo":null,"votos":1761,"votosPorcentaje":7.98},{"idAgrupacion":"41","idAgrupacionTelegrama":"504","nombreAgrupacion":"FRENTE DE IZQUIERDA Y DE TRABAJADORES - UNIDAD","urlLogo":null,"votos":1447,"votosPorcentaje":6.55},{"idAgrupacion":"45","idAgrupacionTelegrama":"508","nombreAgrupacion":"FRENTE VAMOS CON VOS","urlLogo":null,"votos":743,"votosPorcentaje":3.36},{"idAgrupacion":"38","idAgrupacionTelegrama":"501","nombreAgrupacion":"+ VALORES","urlLogo":null,"votos":304,"votosPorcentaje":1.37}],"valoresTotalizadosOtros":{"votosNulos":208,"votosNulosPorcentaje":0.92,"votosEnBlanco":288,"votosEnBlancoPorcentaje":1.27,"votosRecurridosComandoImpugnados":17,"votosRecurridosComandoImpugnadosPorcentaje":0.07}}