{"fechaTotalizacion":"Nov 15, 2021, 2:45:22 AM","estadoRecuento":{"mesasEsperadas":28,"mesasTotalizadas":28,"mesasTotalizadasPorcentaje":100.0,"cantidadElectores":9580,"cantidadVotantes":7136,"participacionPorcentaje":74.48},"valoresTotalizadosPositivos":[{"idAgrupacion":"43","idAgrupacionTelegrama":"506","nombreAgrupacion":"JUNTOS","urlLogo":null,"votos":3219,"votosPorcentaje":46.36},{"idAgrupacion":"44","idAgrupacionTelegrama":"507","nombreAgrupacion":"FRENTE DE TODOS","urlLogo":null,"votos":2213,"votosPorcentaje":31.87},{"idAgrupacion":"40","idAgrupacionTelegrama":"503","nombreAgrupacion":"AVANZA LIBERTAD","urlLogo":null,"votos":583,"votosPorcentaje":8.39},{"idAgrupacion":"41","idAgrupacionTelegrama":"504","nombreAgrupacion":"FRENTE DE IZQUIERDA Y DE TRABAJADORES - UNIDAD","urlLogo":null,"votos":492,"votosPorcentaje":7.08},{"idAgrupacion":"45","idAgrupacionTelegrama":"508","nombreAgrupacion":"FRENTE VAMOS CON VOS","urlLogo":null,"votos":255,"votosPorcentaje":3.67},{"idAgrupacion":"38","idAgrupacionTelegrama":"501","nombreAgrupacion":"+ VALORES","urlLogo":null,"votos":180,"votosPorcentaje":2.59}],"valoresTotalizadosOtros":{"votosNulos":59,"votosNulosPorcentaje":0.82,"votosEnBlanco":133,"votosEnBlancoPorcentaje":1.86,"votosRecurridosComandoImpugnados":2,"votosRecurridosComandoImpugnadosPorcentaje":0.02}}