{"fechaTotalizacion":"Nov 15, 2021, 2:45:22 AM","estadoRecuento":{"mesasEsperadas":35,"mesasTotalizadas":33,"mesasTotalizadasPorcentaje":94.28,"cantidadElectores":11290,"cantidadVotantes":8328,"participacionPorcentaje":73.76},"valoresTotalizadosPositivos":[{"idAgrupacion":"44","idAgrupacionTelegrama":"507","nombreAgrupacion":"FRENTE DE TODOS","urlLogo":null,"votos":3732,"votosPorcentaje":46.15},{"idAgrupacion":"43","idAgrupacionTelegrama":"506","nombreAgrupacion":"JUNTOS","urlLogo":null,"votos":2762,"votosPorcentaje":34.16},{"idAgrupacion":"41","idAgrupacionTelegrama":"504","nombreAgrupacion":"FRENTE DE IZQUIERDA Y DE TRABAJADORES - UNIDAD","urlLogo":null,"votos":527,"votosPorcentaje":6.51},{"idAgrupacion":"40","idAgrupacionTelegrama":"503","nombreAgrupacion":"AVANZA LIBERTAD","urlLogo":null,"votos":484,"votosPorcentaje":5.98},{"idAgrupacion":"45","idAgrupacionTelegrama":"508","nombreAgrupacion":"FRENTE VAMOS CON VOS","urlLogo":null,"votos":329,"votosPorcentaje":4.06},{"idAgrupacion":"38","idAgrupacionTelegrama":"501","nombreAgrupacion":"+ VALORES","urlLogo":null,"votos":251,"votosPorcentaje":3.1}],"valoresTotalizadosOtros":{"votosNulos":41,"votosNulosPorcentaje":0.49,"votosEnBlanco":187,"votosEnBlancoPorcentaje":2.24,"votosRecurridosComandoImpugnados":15,"votosRecurridosComandoImpugnadosPorcentaje":0.18}}