{"fechaTotalizacion":"Nov 15, 2021, 2:45:22 AM","estadoRecuento":{"mesasEsperadas":1,"mesasTotalizadas":1,"mesasTotalizadasPorcentaje":100.0,"cantidadElectores":246,"cantidadVotantes":167,"participacionPorcentaje":67.88},"valoresTotalizadosPositivos":[{"idAgrupacion":"43","idAgrupacionTelegrama":"506","nombreAgrupacion":"JUNTOS","urlLogo":null,"votos":70,"votosPorcentaje":45.45},{"idAgrupacion":"44","idAgrupacionTelegrama":"507","nombreAgrupacion":"FRENTE DE TODOS","urlLogo":null,"votos":48,"votosPorcentaje":31.16},{"idAgrupacion":"40","idAgrupacionTelegrama":"503","nombreAgrupacion":"AVANZA LIBERTAD","urlLogo":null,"votos":14,"votosPorcentaje":9.09},{"idAgrupacion":"41","idAgrupacionTelegrama":"504","nombreAgrupacion":"FRENTE DE IZQUIERDA Y DE TRABAJADORES - UNIDAD","urlLogo":null,"votos":14,"votosPorcentaje":9.09},{"idAgrupacion":"45","idAgrupacionTelegrama":"508","nombreAgrupacion":"FRENTE VAMOS CON VOS","urlLogo":null,"votos":6,"votosPorcentaje":3.89},{"idAgrupacion":"38","idAgrupacionTelegrama":"501","nombreAgrupacion":"+ VALORES","urlLogo":null,"votos":2,"votosPorcentaje":1.29}],"valoresTotalizadosOtros":{"votosNulos":6,"votosNulosPorcentaje":3.59,"votosEnBlanco":5,"votosEnBlancoPorcentaje":2.99,"votosRecurridosComandoImpugnados":2,"votosRecurridosComandoImpugnadosPorcentaje":1.19}}