{"fechaTotalizacion":"Nov 15, 2021, 2:45:22 AM","estadoRecuento":{"mesasEsperadas":1,"mesasTotalizadas":1,"mesasTotalizadasPorcentaje":100.0,"cantidadElectores":63,"cantidadVotantes":36,"participacionPorcentaje":57.14},"valoresTotalizadosPositivos":[{"idAgrupacion":"43","idAgrupacionTelegrama":"506","nombreAgrupacion":"JUNTOS","urlLogo":null,"votos":20,"votosPorcentaje":66.66},{"idAgrupacion":"44","idAgrupacionTelegrama":"507","nombreAgrupacion":"FRENTE DE TODOS","urlLogo":null,"votos":8,"votosPorcentaje":26.66},{"idAgrupacion":"38","idAgrupacionTelegrama":"501","nombreAgrupacion":"+ VALORES","urlLogo":null,"votos":1,"votosPorcentaje":3.33},{"idAgrupacion":"40","idAgrupacionTelegrama":"503","nombreAgrupacion":"AVANZA LIBERTAD","urlLogo":null,"votos":1,"votosPorcentaje":3.33},{"idAgrupacion":"41","idAgrupacionTelegrama":"504","nombreAgrupacion":"FRENTE DE IZQUIERDA Y DE TRABAJADORES - UNIDAD","urlLogo":null,"votos":0,"votosPorcentaje":0.0},{"idAgrupacion":"45","idAgrupacionTelegrama":"508","nombreAgrupacion":"FRENTE VAMOS CON VOS","urlLogo":null,"votos":0,"votosPorcentaje":0.0}],"valoresTotalizadosOtros":{"votosNulos":1,"votosNulosPorcentaje":2.77,"votosEnBlanco":4,"votosEnBlancoPorcentaje":11.11,"votosRecurridosComandoImpugnados":1,"votosRecurridosComandoImpugnadosPorcentaje":2.77}}