{"fechaTotalizacion":"Nov 15, 2021, 2:45:22 AM","estadoRecuento":{"mesasEsperadas":108,"mesasTotalizadas":108,"mesasTotalizadasPorcentaje":100.0,"cantidadElectores":37947,"cantidadVotantes":28217,"participacionPorcentaje":74.35},"valoresTotalizadosPositivos":[{"idAgrupacion":"44","idAgrupacionTelegrama":"507","nombreAgrupacion":"FRENTE DE TODOS","urlLogo":null,"votos":10240,"votosPorcentaje":37.5},{"idAgrupacion":"43","idAgrupacionTelegrama":"506","nombreAgrupacion":"JUNTOS","urlLogo":null,"votos":9621,"votosPorcentaje":35.24},{"idAgrupacion":"41","idAgrupacionTelegrama":"504","nombreAgrupacion":"FRENTE DE IZQUIERDA Y DE TRABAJADORES - UNIDAD","urlLogo":null,"votos":2783,"votosPorcentaje":10.19},{"idAgrupacion":"40","idAgrupacionTelegrama":"503","nombreAgrupacion":"AVANZA LIBERTAD","urlLogo":null,"votos":2313,"votosPorcentaje":8.47},{"idAgrupacion":"45","idAgrupacionTelegrama":"508","nombreAgrupacion":"FRENTE VAMOS CON VOS","urlLogo":null,"votos":1433,"votosPorcentaje":5.24},{"idAgrupacion":"38","idAgrupacionTelegrama":"501","nombreAgrupacion":"+ VALORES","urlLogo":null,"votos":910,"votosPorcentaje":3.33}],"valoresTotalizadosOtros":{"votosNulos":253,"votosNulosPorcentaje":0.89,"votosEnBlanco":661,"votosEnBlancoPorcentaje":2.34,"votosRecurridosComandoImpugnados":3,"votosRecurridosComandoImpugnadosPorcentaje":0.01}}