{"fechaTotalizacion":"Nov 15, 2021, 2:45:22 AM","estadoRecuento":{"mesasEsperadas":18,"mesasTotalizadas":18,"mesasTotalizadasPorcentaje":100.0,"cantidadElectores":6306,"cantidadVotantes":4708,"participacionPorcentaje":74.65},"valoresTotalizadosPositivos":[{"idAgrupacion":"43","idAgrupacionTelegrama":"506","nombreAgrupacion":"JUNTOS","urlLogo":null,"votos":2105,"votosPorcentaje":46.3},{"idAgrupacion":"44","idAgrupacionTelegrama":"507","nombreAgrupacion":"FRENTE DE TODOS","urlLogo":null,"votos":1740,"votosPorcentaje":38.27},{"idAgrupacion":"40","idAgrupacionTelegrama":"503","nombreAgrupacion":"AVANZA LIBERTAD","urlLogo":null,"votos":268,"votosPorcentaje":5.89},{"idAgrupacion":"45","idAgrupacionTelegrama":"508","nombreAgrupacion":"FRENTE VAMOS CON VOS","urlLogo":null,"votos":179,"votosPorcentaje":3.93},{"idAgrupacion":"41","idAgrupacionTelegrama":"504","nombreAgrupacion":"FRENTE DE IZQUIERDA Y DE TRABAJADORES - UNIDAD","urlLogo":null,"votos":156,"votosPorcentaje":3.43},{"idAgrupacion":"38","idAgrupacionTelegrama":"501","nombreAgrupacion":"+ VALORES","urlLogo":null,"votos":98,"votosPorcentaje":2.15}],"valoresTotalizadosOtros":{"votosNulos":48,"votosNulosPorcentaje":1.01,"votosEnBlanco":111,"votosEnBlancoPorcentaje":2.35,"votosRecurridosComandoImpugnados":3,"votosRecurridosComandoImpugnadosPorcentaje":0.06}}