{"fechaTotalizacion":"Nov 15, 2021, 2:45:22 AM","estadoRecuento":{"mesasEsperadas":264,"mesasTotalizadas":253,"mesasTotalizadasPorcentaje":95.83,"cantidadElectores":88887,"cantidadVotantes":63733,"participacionPorcentaje":71.7},"valoresTotalizadosPositivos":[{"idAgrupacion":"44","idAgrupacionTelegrama":"507","nombreAgrupacion":"FRENTE DE TODOS","urlLogo":null,"votos":29787,"votosPorcentaje":48.28},{"idAgrupacion":"43","idAgrupacionTelegrama":"506","nombreAgrupacion":"JUNTOS","urlLogo":null,"votos":17224,"votosPorcentaje":27.91},{"idAgrupacion":"41","idAgrupacionTelegrama":"504","nombreAgrupacion":"FRENTE DE IZQUIERDA Y DE TRABAJADORES - UNIDAD","urlLogo":null,"votos":5004,"votosPorcentaje":8.11},{"idAgrupacion":"40","idAgrupacionTelegrama":"503","nombreAgrupacion":"AVANZA LIBERTAD","urlLogo":null,"votos":4430,"votosPorcentaje":7.18},{"idAgrupacion":"45","idAgrupacionTelegrama":"508","nombreAgrupacion":"FRENTE VAMOS CON VOS","urlLogo":null,"votos":3164,"votosPorcentaje":5.12},{"idAgrupacion":"38","idAgrupacionTelegrama":"501","nombreAgrupacion":"+ VALORES","urlLogo":null,"votos":2087,"votosPorcentaje":3.38}],"valoresTotalizadosOtros":{"votosNulos":852,"votosNulosPorcentaje":1.33,"votosEnBlanco":1136,"votosEnBlancoPorcentaje":1.78,"votosRecurridosComandoImpugnados":49,"votosRecurridosComandoImpugnadosPorcentaje":0.07}}