{"fechaTotalizacion":"Nov 15, 2021, 2:45:22 AM","estadoRecuento":{"mesasEsperadas":1,"mesasTotalizadas":1,"mesasTotalizadasPorcentaje":100.0,"cantidadElectores":98,"cantidadVotantes":82,"participacionPorcentaje":83.67},"valoresTotalizadosPositivos":[{"idAgrupacion":"44","idAgrupacionTelegrama":"507","nombreAgrupacion":"FRENTE DE TODOS","urlLogo":null,"votos":42,"votosPorcentaje":51.85},{"idAgrupacion":"43","idAgrupacionTelegrama":"506","nombreAgrupacion":"JUNTOS","urlLogo":null,"votos":35,"votosPorcentaje":43.2},{"idAgrupacion":"41","idAgrupacionTelegrama":"504","nombreAgrupacion":"FRENTE DE IZQUIERDA Y DE TRABAJADORES - UNIDAD","urlLogo":null,"votos":2,"votosPorcentaje":2.46},{"idAgrupacion":"40","idAgrupacionTelegrama":"503","nombreAgrupacion":"AVANZA LIBERTAD","urlLogo":null,"votos":1,"votosPorcentaje":1.23},{"idAgrupacion":"45","idAgrupacionTelegrama":"508","nombreAgrupacion":"FRENTE VAMOS CON VOS","urlLogo":null,"votos":1,"votosPorcentaje":1.23},{"idAgrupacion":"38","idAgrupacionTelegrama":"501","nombreAgrupacion":"+ VALORES","urlLogo":null,"votos":0,"votosPorcentaje":0.0}],"valoresTotalizadosOtros":{"votosNulos":0,"votosNulosPorcentaje":0.0,"votosEnBlanco":1,"votosEnBlancoPorcentaje":1.21,"votosRecurridosComandoImpugnados":0,"votosRecurridosComandoImpugnadosPorcentaje":0.0}}