{"fechaTotalizacion":"Nov 15, 2021, 2:45:22 AM","estadoRecuento":{"mesasEsperadas":27,"mesasTotalizadas":27,"mesasTotalizadasPorcentaje":100.0,"cantidadElectores":9255,"cantidadVotantes":6561,"participacionPorcentaje":70.89},"valoresTotalizadosPositivos":[{"idAgrupacion":"44","idAgrupacionTelegrama":"507","nombreAgrupacion":"FRENTE DE TODOS","urlLogo":null,"votos":3424,"votosPorcentaje":53.75},{"idAgrupacion":"43","idAgrupacionTelegrama":"506","nombreAgrupacion":"JUNTOS","urlLogo":null,"votos":1474,"votosPorcentaje":23.13},{"idAgrupacion":"41","idAgrupacionTelegrama":"504","nombreAgrupacion":"FRENTE DE IZQUIERDA Y DE TRABAJADORES - UNIDAD","urlLogo":null,"votos":477,"votosPorcentaje":7.48},{"idAgrupacion":"40","idAgrupacionTelegrama":"503","nombreAgrupacion":"AVANZA LIBERTAD","urlLogo":null,"votos":423,"votosPorcentaje":6.64},{"idAgrupacion":"38","idAgrupacionTelegrama":"501","nombreAgrupacion":"+ VALORES","urlLogo":null,"votos":294,"votosPorcentaje":4.61},{"idAgrupacion":"45","idAgrupacionTelegrama":"508","nombreAgrupacion":"FRENTE VAMOS CON VOS","urlLogo":null,"votos":278,"votosPorcentaje":4.36}],"valoresTotalizadosOtros":{"votosNulos":21,"votosNulosPorcentaje":0.32,"votosEnBlanco":168,"votosEnBlancoPorcentaje":2.56,"votosRecurridosComandoImpugnados":2,"votosRecurridosComandoImpugnadosPorcentaje":0.03}}