{"fechaTotalizacion":"Nov 15, 2021, 2:45:22 AM","estadoRecuento":{"mesasEsperadas":87,"mesasTotalizadas":86,"mesasTotalizadasPorcentaje":98.85,"cantidadElectores":30096,"cantidadVotantes":21291,"participacionPorcentaje":70.74},"valoresTotalizadosPositivos":[{"idAgrupacion":"44","idAgrupacionTelegrama":"507","nombreAgrupacion":"FRENTE DE TODOS","urlLogo":null,"votos":10182,"votosPorcentaje":50.93},{"idAgrupacion":"43","idAgrupacionTelegrama":"506","nombreAgrupacion":"JUNTOS","urlLogo":null,"votos":4939,"votosPorcentaje":24.7},{"idAgrupacion":"41","idAgrupacionTelegrama":"504","nombreAgrupacion":"FRENTE DE IZQUIERDA Y DE TRABAJADORES - UNIDAD","urlLogo":null,"votos":1910,"votosPorcentaje":9.55},{"idAgrupacion":"40","idAgrupacionTelegrama":"503","nombreAgrupacion":"AVANZA LIBERTAD","urlLogo":null,"votos":1369,"votosPorcentaje":6.84},{"idAgrupacion":"45","idAgrupacionTelegrama":"508","nombreAgrupacion":"FRENTE VAMOS CON VOS","urlLogo":null,"votos":833,"votosPorcentaje":4.16},{"idAgrupacion":"38","idAgrupacionTelegrama":"501","nombreAgrupacion":"+ VALORES","urlLogo":null,"votos":758,"votosPorcentaje":3.79}],"valoresTotalizadosOtros":{"votosNulos":251,"votosNulosPorcentaje":1.17,"votosEnBlanco":1024,"votosEnBlancoPorcentaje":4.8,"votosRecurridosComandoImpugnados":25,"votosRecurridosComandoImpugnadosPorcentaje":0.11}}