{"fechaTotalizacion":"Nov 15, 2021, 2:45:22 AM","estadoRecuento":{"mesasEsperadas":30,"mesasTotalizadas":28,"mesasTotalizadasPorcentaje":93.33,"cantidadElectores":9539,"cantidadVotantes":7091,"participacionPorcentaje":74.33},"valoresTotalizadosPositivos":[{"idAgrupacion":"43","idAgrupacionTelegrama":"506","nombreAgrupacion":"JUNTOS","urlLogo":null,"votos":2946,"votosPorcentaje":42.62},{"idAgrupacion":"44","idAgrupacionTelegrama":"507","nombreAgrupacion":"FRENTE DE TODOS","urlLogo":null,"votos":2296,"votosPorcentaje":33.21},{"idAgrupacion":"41","idAgrupacionTelegrama":"504","nombreAgrupacion":"FRENTE DE IZQUIERDA Y DE TRABAJADORES - UNIDAD","urlLogo":null,"votos":536,"votosPorcentaje":7.75},{"idAgrupacion":"40","idAgrupacionTelegrama":"503","nombreAgrupacion":"AVANZA LIBERTAD","urlLogo":null,"votos":524,"votosPorcentaje":7.58},{"idAgrupacion":"45","idAgrupacionTelegrama":"508","nombreAgrupacion":"FRENTE VAMOS CON VOS","urlLogo":null,"votos":340,"votosPorcentaje":4.91},{"idAgrupacion":"38","idAgrupacionTelegrama":"501","nombreAgrupacion":"+ VALORES","urlLogo":null,"votos":270,"votosPorcentaje":3.9}],"valoresTotalizadosOtros":{"votosNulos":77,"votosNulosPorcentaje":1.08,"votosEnBlanco":100,"votosEnBlancoPorcentaje":1.41,"votosRecurridosComandoImpugnados":2,"votosRecurridosComandoImpugnadosPorcentaje":0.02}}