{"fechaTotalizacion":"Nov 15, 2021, 2:45:22 AM","estadoRecuento":{"mesasEsperadas":100,"mesasTotalizadas":100,"mesasTotalizadasPorcentaje":100.0,"cantidadElectores":35020,"cantidadVotantes":25529,"participacionPorcentaje":72.89},"valoresTotalizadosPositivos":[{"idAgrupacion":"43","idAgrupacionTelegrama":"506","nombreAgrupacion":"JUNTOS","urlLogo":null,"votos":13569,"votosPorcentaje":54.59},{"idAgrupacion":"44","idAgrupacionTelegrama":"507","nombreAgrupacion":"FRENTE DE TODOS","urlLogo":null,"votos":6022,"votosPorcentaje":24.23},{"idAgrupacion":"40","idAgrupacionTelegrama":"503","nombreAgrupacion":"AVANZA LIBERTAD","urlLogo":null,"votos":2224,"votosPorcentaje":8.94},{"idAgrupacion":"41","idAgrupacionTelegrama":"504","nombreAgrupacion":"FRENTE DE IZQUIERDA Y DE TRABAJADORES - UNIDAD","urlLogo":null,"votos":1440,"votosPorcentaje":5.79},{"idAgrupacion":"45","idAgrupacionTelegrama":"508","nombreAgrupacion":"FRENTE VAMOS CON VOS","urlLogo":null,"votos":819,"votosPorcentaje":3.29},{"idAgrupacion":"38","idAgrupacionTelegrama":"501","nombreAgrupacion":"+ VALORES","urlLogo":null,"votos":779,"votosPorcentaje":3.13}],"valoresTotalizadosOtros":{"votosNulos":253,"votosNulosPorcentaje":0.99,"votosEnBlanco":409,"votosEnBlancoPorcentaje":1.6,"votosRecurridosComandoImpugnados":14,"votosRecurridosComandoImpugnadosPorcentaje":0.05}}