{"fechaTotalizacion":"Nov 15, 2021, 2:45:22 AM","estadoRecuento":{"mesasEsperadas":1,"mesasTotalizadas":1,"mesasTotalizadasPorcentaje":100.0,"cantidadElectores":113,"cantidadVotantes":66,"participacionPorcentaje":58.4},"valoresTotalizadosPositivos":[{"idAgrupacion":"43","idAgrupacionTelegrama":"506","nombreAgrupacion":"JUNTOS","urlLogo":null,"votos":33,"votosPorcentaje":51.56},{"idAgrupacion":"44","idAgrupacionTelegrama":"507","nombreAgrupacion":"FRENTE DE TODOS","urlLogo":null,"votos":22,"votosPorcentaje":34.37},{"idAgrupacion":"45","idAgrupacionTelegrama":"508","nombreAgrupacion":"FRENTE VAMOS CON VOS","urlLogo":null,"votos":5,"votosPorcentaje":7.81},{"idAgrupacion":"41","idAgrupacionTelegrama":"504","nombreAgrupacion":"FRENTE DE IZQUIERDA Y DE TRABAJADORES - UNIDAD","urlLogo":null,"votos":3,"votosPorcentaje":4.68},{"idAgrupacion":"38","idAgrupacionTelegrama":"501","nombreAgrupacion":"+ VALORES","urlLogo":null,"votos":1,"votosPorcentaje":1.56},{"idAgrupacion":"40","idAgrupacionTelegrama":"503","nombreAgrupacion":"AVANZA LIBERTAD","urlLogo":null,"votos":0,"votosPorcentaje":0.0}],"valoresTotalizadosOtros":{"votosNulos":0,"votosNulosPorcentaje":0.0,"votosEnBlanco":1,"votosEnBlancoPorcentaje":1.51,"votosRecurridosComandoImpugnados":1,"votosRecurridosComandoImpugnadosPorcentaje":1.51}}