{"fechaTotalizacion":"Nov 15, 2021, 2:45:22 AM","estadoRecuento":{"mesasEsperadas":99,"mesasTotalizadas":98,"mesasTotalizadasPorcentaje":98.98,"cantidadElectores":34075,"cantidadVotantes":25423,"participacionPorcentaje":74.6},"valoresTotalizadosPositivos":[{"idAgrupacion":"43","idAgrupacionTelegrama":"506","nombreAgrupacion":"JUNTOS","urlLogo":null,"votos":11323,"votosPorcentaje":45.71},{"idAgrupacion":"44","idAgrupacionTelegrama":"507","nombreAgrupacion":"FRENTE DE TODOS","urlLogo":null,"votos":8294,"votosPorcentaje":33.48},{"idAgrupacion":"40","idAgrupacionTelegrama":"503","nombreAgrupacion":"AVANZA LIBERTAD","urlLogo":null,"votos":1962,"votosPorcentaje":7.92},{"idAgrupacion":"41","idAgrupacionTelegrama":"504","nombreAgrupacion":"FRENTE DE IZQUIERDA Y DE TRABAJADORES - UNIDAD","urlLogo":null,"votos":1761,"votosPorcentaje":7.1},{"idAgrupacion":"45","idAgrupacionTelegrama":"508","nombreAgrupacion":"FRENTE VAMOS CON VOS","urlLogo":null,"votos":953,"votosPorcentaje":3.84},{"idAgrupacion":"38","idAgrupacionTelegrama":"501","nombreAgrupacion":"+ VALORES","urlLogo":null,"votos":475,"votosPorcentaje":1.91}],"valoresTotalizadosOtros":{"votosNulos":168,"votosNulosPorcentaje":0.66,"votosEnBlanco":441,"votosEnBlancoPorcentaje":1.73,"votosRecurridosComandoImpugnados":46,"votosRecurridosComandoImpugnadosPorcentaje":0.18}}