{"fechaTotalizacion":"Nov 15, 2021, 2:45:22 AM","estadoRecuento":{"mesasEsperadas":12,"mesasTotalizadas":12,"mesasTotalizadasPorcentaje":100.0,"cantidadElectores":4171,"cantidadVotantes":3126,"participacionPorcentaje":74.94},"valoresTotalizadosPositivos":[{"idAgrupacion":"44","idAgrupacionTelegrama":"507","nombreAgrupacion":"FRENTE DE TODOS","urlLogo":null,"votos":1322,"votosPorcentaje":44.02},{"idAgrupacion":"43","idAgrupacionTelegrama":"506","nombreAgrupacion":"JUNTOS","urlLogo":null,"votos":1051,"votosPorcentaje":34.99},{"idAgrupacion":"40","idAgrupacionTelegrama":"503","nombreAgrupacion":"AVANZA LIBERTAD","urlLogo":null,"votos":254,"votosPorcentaje":8.45},{"idAgrupacion":"41","idAgrupacionTelegrama":"504","nombreAgrupacion":"FRENTE DE IZQUIERDA Y DE TRABAJADORES - UNIDAD","urlLogo":null,"votos":216,"votosPorcentaje":7.19},{"idAgrupacion":"45","idAgrupacionTelegrama":"508","nombreAgrupacion":"FRENTE VAMOS CON VOS","urlLogo":null,"votos":115,"votosPorcentaje":3.82},{"idAgrupacion":"38","idAgrupacionTelegrama":"501","nombreAgrupacion":"+ VALORES","urlLogo":null,"votos":45,"votosPorcentaje":1.49}],"valoresTotalizadosOtros":{"votosNulos":8,"votosNulosPorcentaje":0.25,"votosEnBlanco":113,"votosEnBlancoPorcentaje":3.61,"votosRecurridosComandoImpugnados":2,"votosRecurridosComandoImpugnadosPorcentaje":0.06}}