{"fechaTotalizacion":"Nov 15, 2021, 2:45:22 AM","estadoRecuento":{"mesasEsperadas":35,"mesasTotalizadas":35,"mesasTotalizadasPorcentaje":100.0,"cantidadElectores":12252,"cantidadVotantes":8683,"participacionPorcentaje":70.87},"valoresTotalizadosPositivos":[{"idAgrupacion":"43","idAgrupacionTelegrama":"506","nombreAgrupacion":"JUNTOS","urlLogo":null,"votos":3228,"votosPorcentaje":38.45},{"idAgrupacion":"44","idAgrupacionTelegrama":"507","nombreAgrupacion":"FRENTE DE TODOS","urlLogo":null,"votos":3218,"votosPorcentaje":38.33},{"idAgrupacion":"41","idAgrupacionTelegrama":"504","nombreAgrupacion":"FRENTE DE IZQUIERDA Y DE TRABAJADORES - UNIDAD","urlLogo":null,"votos":685,"votosPorcentaje":8.15},{"idAgrupacion":"40","idAgrupacionTelegrama":"503","nombreAgrupacion":"AVANZA LIBERTAD","urlLogo":null,"votos":559,"votosPorcentaje":6.65},{"idAgrupacion":"45","idAgrupacionTelegrama":"508","nombreAgrupacion":"FRENTE VAMOS CON VOS","urlLogo":null,"votos":384,"votosPorcentaje":4.57},{"idAgrupacion":"38","idAgrupacionTelegrama":"501","nombreAgrupacion":"+ VALORES","urlLogo":null,"votos":321,"votosPorcentaje":3.82}],"valoresTotalizadosOtros":{"votosNulos":181,"votosNulosPorcentaje":2.08,"votosEnBlanco":99,"votosEnBlancoPorcentaje":1.14,"votosRecurridosComandoImpugnados":8,"votosRecurridosComandoImpugnadosPorcentaje":0.09}}