{"fechaTotalizacion":"Nov 15, 2021, 2:45:22 AM","estadoRecuento":{"mesasEsperadas":55,"mesasTotalizadas":54,"mesasTotalizadasPorcentaje":98.18,"cantidadElectores":18880,"cantidadVotantes":13763,"participacionPorcentaje":72.89},"valoresTotalizadosPositivos":[{"idAgrupacion":"44","idAgrupacionTelegrama":"507","nombreAgrupacion":"FRENTE DE TODOS","urlLogo":null,"votos":5607,"votosPorcentaje":41.71},{"idAgrupacion":"43","idAgrupacionTelegrama":"506","nombreAgrupacion":"JUNTOS","urlLogo":null,"votos":5197,"votosPorcentaje":38.66},{"idAgrupacion":"41","idAgrupacionTelegrama":"504","nombreAgrupacion":"FRENTE DE IZQUIERDA Y DE TRABAJADORES - UNIDAD","urlLogo":null,"votos":903,"votosPorcentaje":6.71},{"idAgrupacion":"40","idAgrupacionTelegrama":"503","nombreAgrupacion":"AVANZA LIBERTAD","urlLogo":null,"votos":902,"votosPorcentaje":6.71},{"idAgrupacion":"45","idAgrupacionTelegrama":"508","nombreAgrupacion":"FRENTE VAMOS CON VOS","urlLogo":null,"votos":489,"votosPorcentaje":3.63},{"idAgrupacion":"38","idAgrupacionTelegrama":"501","nombreAgrupacion":"+ VALORES","urlLogo":null,"votos":343,"votosPorcentaje":2.55}],"valoresTotalizadosOtros":{"votosNulos":109,"votosNulosPorcentaje":0.79,"votosEnBlanco":206,"votosEnBlancoPorcentaje":1.49,"votosRecurridosComandoImpugnados":7,"votosRecurridosComandoImpugnadosPorcentaje":0.05}}