{"fechaTotalizacion":"Nov 15, 2021, 2:45:22 AM","estadoRecuento":{"mesasEsperadas":79,"mesasTotalizadas":79,"mesasTotalizadasPorcentaje":100.0,"cantidadElectores":27537,"cantidadVotantes":19450,"participacionPorcentaje":70.63},"valoresTotalizadosPositivos":[{"idAgrupacion":"44","idAgrupacionTelegrama":"507","nombreAgrupacion":"FRENTE DE TODOS","urlLogo":null,"votos":7393,"votosPorcentaje":39.7},{"idAgrupacion":"43","idAgrupacionTelegrama":"506","nombreAgrupacion":"JUNTOS","urlLogo":null,"votos":6547,"votosPorcentaje":35.15},{"idAgrupacion":"40","idAgrupacionTelegrama":"503","nombreAgrupacion":"AVANZA LIBERTAD","urlLogo":null,"votos":1839,"votosPorcentaje":9.87},{"idAgrupacion":"41","idAgrupacionTelegrama":"504","nombreAgrupacion":"FRENTE DE IZQUIERDA Y DE TRABAJADORES - UNIDAD","urlLogo":null,"votos":1296,"votosPorcentaje":6.95},{"idAgrupacion":"38","idAgrupacionTelegrama":"501","nombreAgrupacion":"+ VALORES","urlLogo":null,"votos":875,"votosPorcentaje":4.69},{"idAgrupacion":"45","idAgrupacionTelegrama":"508","nombreAgrupacion":"FRENTE VAMOS CON VOS","urlLogo":null,"votos":671,"votosPorcentaje":3.6}],"valoresTotalizadosOtros":{"votosNulos":219,"votosNulosPorcentaje":1.12,"votosEnBlanco":592,"votosEnBlancoPorcentaje":3.04,"votosRecurridosComandoImpugnados":18,"votosRecurridosComandoImpugnadosPorcentaje":0.09}}