{"fechaTotalizacion":"Nov 15, 2021, 2:45:22 AM","estadoRecuento":{"mesasEsperadas":1,"mesasTotalizadas":1,"mesasTotalizadasPorcentaje":100.0,"cantidadElectores":233,"cantidadVotantes":175,"participacionPorcentaje":75.1},"valoresTotalizadosPositivos":[{"idAgrupacion":"44","idAgrupacionTelegrama":"507","nombreAgrupacion":"FRENTE DE TODOS","urlLogo":null,"votos":78,"votosPorcentaje":56.11},{"idAgrupacion":"43","idAgrupacionTelegrama":"506","nombreAgrupacion":"JUNTOS","urlLogo":null,"votos":50,"votosPorcentaje":35.97},{"idAgrupacion":"40","idAgrupacionTelegrama":"503","nombreAgrupacion":"AVANZA LIBERTAD","urlLogo":null,"votos":4,"votosPorcentaje":2.87},{"idAgrupacion":"41","idAgrupacionTelegrama":"504","nombreAgrupacion":"FRENTE DE IZQUIERDA Y DE TRABAJADORES - UNIDAD","urlLogo":null,"votos":4,"votosPorcentaje":2.87},{"idAgrupacion":"45","idAgrupacionTelegrama":"508","nombreAgrupacion":"FRENTE VAMOS CON VOS","urlLogo":null,"votos":2,"votosPorcentaje":1.43},{"idAgrupacion":"38","idAgrupacionTelegrama":"501","nombreAgrupacion":"+ VALORES","urlLogo":null,"votos":1,"votosPorcentaje":0.71}],"valoresTotalizadosOtros":{"votosNulos":2,"votosNulosPorcentaje":1.14,"votosEnBlanco":32,"votosEnBlancoPorcentaje":18.28,"votosRecurridosComandoImpugnados":2,"votosRecurridosComandoImpugnadosPorcentaje":1.14}}