{"fechaTotalizacion":"Nov 15, 2021, 2:45:22 AM","estadoRecuento":{"mesasEsperadas":22,"mesasTotalizadas":22,"mesasTotalizadasPorcentaje":100.0,"cantidadElectores":7527,"cantidadVotantes":4897,"participacionPorcentaje":65.05},"valoresTotalizadosPositivos":[{"idAgrupacion":"43","idAgrupacionTelegrama":"506","nombreAgrupacion":"JUNTOS","urlLogo":null,"votos":1965,"votosPorcentaje":43.13},{"idAgrupacion":"44","idAgrupacionTelegrama":"507","nombreAgrupacion":"FRENTE DE TODOS","urlLogo":null,"votos":1420,"votosPorcentaje":31.17},{"idAgrupacion":"40","idAgrupacionTelegrama":"503","nombreAgrupacion":"AVANZA LIBERTAD","urlLogo":null,"votos":435,"votosPorcentaje":9.54},{"idAgrupacion":"45","idAgrupacionTelegrama":"508","nombreAgrupacion":"FRENTE VAMOS CON VOS","urlLogo":null,"votos":383,"votosPorcentaje":8.4},{"idAgrupacion":"41","idAgrupacionTelegrama":"504","nombreAgrupacion":"FRENTE DE IZQUIERDA Y DE TRABAJADORES - UNIDAD","urlLogo":null,"votos":263,"votosPorcentaje":5.77},{"idAgrupacion":"38","idAgrupacionTelegrama":"501","nombreAgrupacion":"+ VALORES","urlLogo":null,"votos":89,"votosPorcentaje":1.95}],"valoresTotalizadosOtros":{"votosNulos":116,"votosNulosPorcentaje":2.36,"votosEnBlanco":225,"votosEnBlancoPorcentaje":4.59,"votosRecurridosComandoImpugnados":1,"votosRecurridosComandoImpugnadosPorcentaje":0.02}}