{"fechaTotalizacion":"Nov 15, 2021, 2:45:22 AM","estadoRecuento":{"mesasEsperadas":15,"mesasTotalizadas":14,"mesasTotalizadasPorcentaje":93.33,"cantidadElectores":4853,"cantidadVotantes":3477,"participacionPorcentaje":71.64},"valoresTotalizadosPositivos":[{"idAgrupacion":"43","idAgrupacionTelegrama":"506","nombreAgrupacion":"JUNTOS","urlLogo":null,"votos":1558,"votosPorcentaje":47.22},{"idAgrupacion":"44","idAgrupacionTelegrama":"507","nombreAgrupacion":"FRENTE DE TODOS","urlLogo":null,"votos":1135,"votosPorcentaje":34.4},{"idAgrupacion":"40","idAgrupacionTelegrama":"503","nombreAgrupacion":"AVANZA LIBERTAD","urlLogo":null,"votos":259,"votosPorcentaje":7.85},{"idAgrupacion":"41","idAgrupacionTelegrama":"504","nombreAgrupacion":"FRENTE DE IZQUIERDA Y DE TRABAJADORES - UNIDAD","urlLogo":null,"votos":171,"votosPorcentaje":5.18},{"idAgrupacion":"45","idAgrupacionTelegrama":"508","nombreAgrupacion":"FRENTE VAMOS CON VOS","urlLogo":null,"votos":92,"votosPorcentaje":2.78},{"idAgrupacion":"38","idAgrupacionTelegrama":"501","nombreAgrupacion":"+ VALORES","urlLogo":null,"votos":84,"votosPorcentaje":2.54}],"valoresTotalizadosOtros":{"votosNulos":62,"votosNulosPorcentaje":1.78,"votosEnBlanco":112,"votosEnBlancoPorcentaje":3.22,"votosRecurridosComandoImpugnados":4,"votosRecurridosComandoImpugnadosPorcentaje":0.11}}