{"fechaTotalizacion":"Nov 15, 2021, 2:45:22 AM","estadoRecuento":{"mesasEsperadas":25,"mesasTotalizadas":25,"mesasTotalizadasPorcentaje":100.0,"cantidadElectores":8725,"cantidadVotantes":6474,"participacionPorcentaje":74.2},"valoresTotalizadosPositivos":[{"idAgrupacion":"43","idAgrupacionTelegrama":"506","nombreAgrupacion":"JUNTOS","urlLogo":null,"votos":2770,"votosPorcentaje":48.58},{"idAgrupacion":"44","idAgrupacionTelegrama":"507","nombreAgrupacion":"FRENTE DE TODOS","urlLogo":null,"votos":2331,"votosPorcentaje":40.88},{"idAgrupacion":"40","idAgrupacionTelegrama":"503","nombreAgrupacion":"AVANZA LIBERTAD","urlLogo":null,"votos":288,"votosPorcentaje":5.05},{"idAgrupacion":"41","idAgrupacionTelegrama":"504","nombreAgrupacion":"FRENTE DE IZQUIERDA Y DE TRABAJADORES - UNIDAD","urlLogo":null,"votos":146,"votosPorcentaje":2.56},{"idAgrupacion":"45","idAgrupacionTelegrama":"508","nombreAgrupacion":"FRENTE VAMOS CON VOS","urlLogo":null,"votos":101,"votosPorcentaje":1.77},{"idAgrupacion":"38","idAgrupacionTelegrama":"501","nombreAgrupacion":"+ VALORES","urlLogo":null,"votos":65,"votosPorcentaje":1.14}],"valoresTotalizadosOtros":{"votosNulos":99,"votosNulosPorcentaje":1.52,"votosEnBlanco":667,"votosEnBlancoPorcentaje":10.3,"votosRecurridosComandoImpugnados":7,"votosRecurridosComandoImpugnadosPorcentaje":0.1}}