{"fechaTotalizacion":"Nov 15, 2021, 2:45:22 AM","estadoRecuento":{"mesasEsperadas":48,"mesasTotalizadas":46,"mesasTotalizadasPorcentaje":95.83,"cantidadElectores":16116,"cantidadVotantes":11457,"participacionPorcentaje":71.09},"valoresTotalizadosPositivos":[{"idAgrupacion":"43","idAgrupacionTelegrama":"506","nombreAgrupacion":"JUNTOS","urlLogo":null,"votos":4788,"votosPorcentaje":42.89},{"idAgrupacion":"44","idAgrupacionTelegrama":"507","nombreAgrupacion":"FRENTE DE TODOS","urlLogo":null,"votos":3718,"votosPorcentaje":33.31},{"idAgrupacion":"40","idAgrupacionTelegrama":"503","nombreAgrupacion":"AVANZA LIBERTAD","urlLogo":null,"votos":1069,"votosPorcentaje":9.57},{"idAgrupacion":"41","idAgrupacionTelegrama":"504","nombreAgrupacion":"FRENTE DE IZQUIERDA Y DE TRABAJADORES - UNIDAD","urlLogo":null,"votos":784,"votosPorcentaje":7.02},{"idAgrupacion":"45","idAgrupacionTelegrama":"508","nombreAgrupacion":"FRENTE VAMOS CON VOS","urlLogo":null,"votos":506,"votosPorcentaje":4.53},{"idAgrupacion":"38","idAgrupacionTelegrama":"501","nombreAgrupacion":"+ VALORES","urlLogo":null,"votos":296,"votosPorcentaje":2.65}],"valoresTotalizadosOtros":{"votosNulos":103,"votosNulosPorcentaje":0.89,"votosEnBlanco":187,"votosEnBlancoPorcentaje":1.63,"votosRecurridosComandoImpugnados":6,"votosRecurridosComandoImpugnadosPorcentaje":0.05}}