{"fechaTotalizacion":"Nov 15, 2021, 2:45:22 AM","estadoRecuento":{"mesasEsperadas":66,"mesasTotalizadas":63,"mesasTotalizadasPorcentaje":95.45,"cantidadElectores":21823,"cantidadVotantes":16071,"participacionPorcentaje":73.64},"valoresTotalizadosPositivos":[{"idAgrupacion":"43","idAgrupacionTelegrama":"506","nombreAgrupacion":"JUNTOS","urlLogo":null,"votos":6579,"votosPorcentaje":42.26},{"idAgrupacion":"44","idAgrupacionTelegrama":"507","nombreAgrupacion":"FRENTE DE TODOS","urlLogo":null,"votos":5369,"votosPorcentaje":34.48},{"idAgrupacion":"40","idAgrupacionTelegrama":"503","nombreAgrupacion":"AVANZA LIBERTAD","urlLogo":null,"votos":1351,"votosPorcentaje":8.67},{"idAgrupacion":"41","idAgrupacionTelegrama":"504","nombreAgrupacion":"FRENTE DE IZQUIERDA Y DE TRABAJADORES - UNIDAD","urlLogo":null,"votos":1093,"votosPorcentaje":7.02},{"idAgrupacion":"45","idAgrupacionTelegrama":"508","nombreAgrupacion":"FRENTE VAMOS CON VOS","urlLogo":null,"votos":705,"votosPorcentaje":4.52},{"idAgrupacion":"38","idAgrupacionTelegrama":"501","nombreAgrupacion":"+ VALORES","urlLogo":null,"votos":470,"votosPorcentaje":3.01}],"valoresTotalizadosOtros":{"votosNulos":207,"votosNulosPorcentaje":1.28,"votosEnBlanco":242,"votosEnBlancoPorcentaje":1.5,"votosRecurridosComandoImpugnados":55,"votosRecurridosComandoImpugnadosPorcentaje":0.34}}