{"fechaTotalizacion":"Nov 15, 2021, 2:45:22 AM","estadoRecuento":{"mesasEsperadas":31,"mesasTotalizadas":31,"mesasTotalizadasPorcentaje":100.0,"cantidadElectores":10694,"cantidadVotantes":8052,"participacionPorcentaje":75.29},"valoresTotalizadosPositivos":[{"idAgrupacion":"43","idAgrupacionTelegrama":"506","nombreAgrupacion":"JUNTOS","urlLogo":null,"votos":3541,"votosPorcentaje":44.83},{"idAgrupacion":"44","idAgrupacionTelegrama":"507","nombreAgrupacion":"FRENTE DE TODOS","urlLogo":null,"votos":2757,"votosPorcentaje":34.9},{"idAgrupacion":"40","idAgrupacionTelegrama":"503","nombreAgrupacion":"AVANZA LIBERTAD","urlLogo":null,"votos":638,"votosPorcentaje":8.07},{"idAgrupacion":"41","idAgrupacionTelegrama":"504","nombreAgrupacion":"FRENTE DE IZQUIERDA Y DE TRABAJADORES - UNIDAD","urlLogo":null,"votos":563,"votosPorcentaje":7.12},{"idAgrupacion":"45","idAgrupacionTelegrama":"508","nombreAgrupacion":"FRENTE VAMOS CON VOS","urlLogo":null,"votos":271,"votosPorcentaje":3.43},{"idAgrupacion":"38","idAgrupacionTelegrama":"501","nombreAgrupacion":"+ VALORES","urlLogo":null,"votos":128,"votosPorcentaje":1.62}],"valoresTotalizadosOtros":{"votosNulos":46,"votosNulosPorcentaje":0.57,"votosEnBlanco":105,"votosEnBlancoPorcentaje":1.3,"votosRecurridosComandoImpugnados":3,"votosRecurridosComandoImpugnadosPorcentaje":0.03}}