{"fechaTotalizacion":"Nov 15, 2021, 2:45:22 AM","estadoRecuento":{"mesasEsperadas":11,"mesasTotalizadas":11,"mesasTotalizadasPorcentaje":100.0,"cantidadElectores":3608,"cantidadVotantes":2600,"participacionPorcentaje":72.06},"valoresTotalizadosPositivos":[{"idAgrupacion":"43","idAgrupacionTelegrama":"506","nombreAgrupacion":"JUNTOS","urlLogo":null,"votos":1103,"votosPorcentaje":44.33},{"idAgrupacion":"44","idAgrupacionTelegrama":"507","nombreAgrupacion":"FRENTE DE TODOS","urlLogo":null,"votos":756,"votosPorcentaje":30.38},{"idAgrupacion":"40","idAgrupacionTelegrama":"503","nombreAgrupacion":"AVANZA LIBERTAD","urlLogo":null,"votos":318,"votosPorcentaje":12.78},{"idAgrupacion":"41","idAgrupacionTelegrama":"504","nombreAgrupacion":"FRENTE DE IZQUIERDA Y DE TRABAJADORES - UNIDAD","urlLogo":null,"votos":125,"votosPorcentaje":5.02},{"idAgrupacion":"45","idAgrupacionTelegrama":"508","nombreAgrupacion":"FRENTE VAMOS CON VOS","urlLogo":null,"votos":118,"votosPorcentaje":4.74},{"idAgrupacion":"38","idAgrupacionTelegrama":"501","nombreAgrupacion":"+ VALORES","urlLogo":null,"votos":68,"votosPorcentaje":2.73}],"valoresTotalizadosOtros":{"votosNulos":64,"votosNulosPorcentaje":2.46,"votosEnBlanco":47,"votosEnBlancoPorcentaje":1.8,"votosRecurridosComandoImpugnados":1,"votosRecurridosComandoImpugnadosPorcentaje":0.03}}