{"fechaTotalizacion":"Nov 15, 2021, 2:45:22 AM","estadoRecuento":{"mesasEsperadas":3,"mesasTotalizadas":3,"mesasTotalizadasPorcentaje":100.0,"cantidadElectores":906,"cantidadVotantes":551,"participacionPorcentaje":60.81},"valoresTotalizadosPositivos":[{"idAgrupacion":"44","idAgrupacionTelegrama":"507","nombreAgrupacion":"FRENTE DE TODOS","urlLogo":null,"votos":254,"votosPorcentaje":50.09},{"idAgrupacion":"43","idAgrupacionTelegrama":"506","nombreAgrupacion":"JUNTOS","urlLogo":null,"votos":118,"votosPorcentaje":23.27},{"idAgrupacion":"45","idAgrupacionTelegrama":"508","nombreAgrupacion":"FRENTE VAMOS CON VOS","urlLogo":null,"votos":49,"votosPorcentaje":9.66},{"idAgrupacion":"41","idAgrupacionTelegrama":"504","nombreAgrupacion":"FRENTE DE IZQUIERDA Y DE TRABAJADORES - UNIDAD","urlLogo":null,"votos":40,"votosPorcentaje":7.88},{"idAgrupacion":"40","idAgrupacionTelegrama":"503","nombreAgrupacion":"AVANZA LIBERTAD","urlLogo":null,"votos":29,"votosPorcentaje":5.71},{"idAgrupacion":"38","idAgrupacionTelegrama":"501","nombreAgrupacion":"+ VALORES","urlLogo":null,"votos":17,"votosPorcentaje":3.35}],"valoresTotalizadosOtros":{"votosNulos":12,"votosNulosPorcentaje":2.17,"votosEnBlanco":32,"votosEnBlancoPorcentaje":5.8,"votosRecurridosComandoImpugnados":0,"votosRecurridosComandoImpugnadosPorcentaje":0.0}}