{"fechaTotalizacion":"Nov 15, 2021, 2:45:22 AM","estadoRecuento":{"mesasEsperadas":55,"mesasTotalizadas":55,"mesasTotalizadasPorcentaje":100.0,"cantidadElectores":19292,"cantidadVotantes":13681,"participacionPorcentaje":70.91},"valoresTotalizadosPositivos":[{"idAgrupacion":"43","idAgrupacionTelegrama":"506","nombreAgrupacion":"JUNTOS","urlLogo":null,"votos":7198,"votosPorcentaje":56.38},{"idAgrupacion":"44","idAgrupacionTelegrama":"507","nombreAgrupacion":"FRENTE DE TODOS","urlLogo":null,"votos":2544,"votosPorcentaje":19.92},{"idAgrupacion":"41","idAgrupacionTelegrama":"504","nombreAgrupacion":"FRENTE DE IZQUIERDA Y DE TRABAJADORES - UNIDAD","urlLogo":null,"votos":1613,"votosPorcentaje":12.63},{"idAgrupacion":"40","idAgrupacionTelegrama":"503","nombreAgrupacion":"AVANZA LIBERTAD","urlLogo":null,"votos":616,"votosPorcentaje":4.82},{"idAgrupacion":"38","idAgrupacionTelegrama":"501","nombreAgrupacion":"+ VALORES","urlLogo":null,"votos":454,"votosPorcentaje":3.55},{"idAgrupacion":"45","idAgrupacionTelegrama":"508","nombreAgrupacion":"FRENTE VAMOS CON VOS","urlLogo":null,"votos":341,"votosPorcentaje":2.67}],"valoresTotalizadosOtros":{"votosNulos":196,"votosNulosPorcentaje":1.43,"votosEnBlanco":684,"votosEnBlancoPorcentaje":4.99,"votosRecurridosComandoImpugnados":35,"votosRecurridosComandoImpugnadosPorcentaje":0.25}}