{"fechaTotalizacion":"Nov 15, 2021, 2:45:22 AM","estadoRecuento":{"mesasEsperadas":48,"mesasTotalizadas":47,"mesasTotalizadasPorcentaje":97.91,"cantidadElectores":16191,"cantidadVotantes":11535,"participacionPorcentaje":71.24},"valoresTotalizadosPositivos":[{"idAgrupacion":"43","idAgrupacionTelegrama":"506","nombreAgrupacion":"JUNTOS","urlLogo":null,"votos":6030,"votosPorcentaje":54.99},{"idAgrupacion":"44","idAgrupacionTelegrama":"507","nombreAgrupacion":"FRENTE DE TODOS","urlLogo":null,"votos":2786,"votosPorcentaje":25.41},{"idAgrupacion":"40","idAgrupacionTelegrama":"503","nombreAgrupacion":"AVANZA LIBERTAD","urlLogo":null,"votos":937,"votosPorcentaje":8.54},{"idAgrupacion":"41","idAgrupacionTelegrama":"504","nombreAgrupacion":"FRENTE DE IZQUIERDA Y DE TRABAJADORES - UNIDAD","urlLogo":null,"votos":502,"votosPorcentaje":4.57},{"idAgrupacion":"45","idAgrupacionTelegrama":"508","nombreAgrupacion":"FRENTE VAMOS CON VOS","urlLogo":null,"votos":432,"votosPorcentaje":3.94},{"idAgrupacion":"38","idAgrupacionTelegrama":"501","nombreAgrupacion":"+ VALORES","urlLogo":null,"votos":277,"votosPorcentaje":2.52}],"valoresTotalizadosOtros":{"votosNulos":139,"votosNulosPorcentaje":1.2,"votosEnBlanco":428,"votosEnBlancoPorcentaje":3.71,"votosRecurridosComandoImpugnados":4,"votosRecurridosComandoImpugnadosPorcentaje":0.03}}