{"fechaTotalizacion":"Nov 15, 2021, 2:45:22 AM","estadoRecuento":{"mesasEsperadas":13,"mesasTotalizadas":12,"mesasTotalizadasPorcentaje":92.3,"cantidadElectores":3957,"cantidadVotantes":2637,"participacionPorcentaje":66.64},"valoresTotalizadosPositivos":[{"idAgrupacion":"44","idAgrupacionTelegrama":"507","nombreAgrupacion":"FRENTE DE TODOS","urlLogo":null,"votos":1247,"votosPorcentaje":50.0},{"idAgrupacion":"43","idAgrupacionTelegrama":"506","nombreAgrupacion":"JUNTOS","urlLogo":null,"votos":695,"votosPorcentaje":27.86},{"idAgrupacion":"40","idAgrupacionTelegrama":"503","nombreAgrupacion":"AVANZA LIBERTAD","urlLogo":null,"votos":162,"votosPorcentaje":6.49},{"idAgrupacion":"41","idAgrupacionTelegrama":"504","nombreAgrupacion":"FRENTE DE IZQUIERDA Y DE TRABAJADORES - UNIDAD","urlLogo":null,"votos":145,"votosPorcentaje":5.81},{"idAgrupacion":"38","idAgrupacionTelegrama":"501","nombreAgrupacion":"+ VALORES","urlLogo":null,"votos":135,"votosPorcentaje":5.41},{"idAgrupacion":"45","idAgrupacionTelegrama":"508","nombreAgrupacion":"FRENTE VAMOS CON VOS","urlLogo":null,"votos":110,"votosPorcentaje":4.41}],"valoresTotalizadosOtros":{"votosNulos":15,"votosNulosPorcentaje":0.56,"votosEnBlanco":127,"votosEnBlancoPorcentaje":4.81,"votosRecurridosComandoImpugnados":1,"votosRecurridosComandoImpugnadosPorcentaje":0.03}}