{"fechaTotalizacion":"Nov 15, 2021, 2:45:22 AM","estadoRecuento":{"mesasEsperadas":29,"mesasTotalizadas":29,"mesasTotalizadasPorcentaje":100.0,"cantidadElectores":9924,"cantidadVotantes":6593,"participacionPorcentaje":66.43},"valoresTotalizadosPositivos":[{"idAgrupacion":"43","idAgrupacionTelegrama":"506","nombreAgrupacion":"JUNTOS","urlLogo":null,"votos":2858,"votosPorcentaje":46.39},{"idAgrupacion":"44","idAgrupacionTelegrama":"507","nombreAgrupacion":"FRENTE DE TODOS","urlLogo":null,"votos":2037,"votosPorcentaje":33.06},{"idAgrupacion":"40","idAgrupacionTelegrama":"503","nombreAgrupacion":"AVANZA LIBERTAD","urlLogo":null,"votos":490,"votosPorcentaje":7.95},{"idAgrupacion":"41","idAgrupacionTelegrama":"504","nombreAgrupacion":"FRENTE DE IZQUIERDA Y DE TRABAJADORES - UNIDAD","urlLogo":null,"votos":390,"votosPorcentaje":6.33},{"idAgrupacion":"38","idAgrupacionTelegrama":"501","nombreAgrupacion":"+ VALORES","urlLogo":null,"votos":236,"votosPorcentaje":3.83},{"idAgrupacion":"45","idAgrupacionTelegrama":"508","nombreAgrupacion":"FRENTE VAMOS CON VOS","urlLogo":null,"votos":149,"votosPorcentaje":2.41}],"valoresTotalizadosOtros":{"votosNulos":71,"votosNulosPorcentaje":1.07,"votosEnBlanco":349,"votosEnBlancoPorcentaje":5.29,"votosRecurridosComandoImpugnados":13,"votosRecurridosComandoImpugnadosPorcentaje":0.19}}