{"fechaTotalizacion":"Nov 15, 2021, 2:45:22 AM","estadoRecuento":{"mesasEsperadas":88,"mesasTotalizadas":87,"mesasTotalizadasPorcentaje":98.86,"cantidadElectores":30276,"cantidadVotantes":20159,"participacionPorcentaje":66.58},"valoresTotalizadosPositivos":[{"idAgrupacion":"43","idAgrupacionTelegrama":"506","nombreAgrupacion":"JUNTOS","urlLogo":null,"votos":8342,"votosPorcentaje":42.93},{"idAgrupacion":"44","idAgrupacionTelegrama":"507","nombreAgrupacion":"FRENTE DE TODOS","urlLogo":null,"votos":6921,"votosPorcentaje":35.61},{"idAgrupacion":"45","idAgrupacionTelegrama":"508","nombreAgrupacion":"FRENTE VAMOS CON VOS","urlLogo":null,"votos":1686,"votosPorcentaje":8.67},{"idAgrupacion":"40","idAgrupacionTelegrama":"503","nombreAgrupacion":"AVANZA LIBERTAD","urlLogo":null,"votos":1029,"votosPorcentaje":5.29},{"idAgrupacion":"41","idAgrupacionTelegrama":"504","nombreAgrupacion":"FRENTE DE IZQUIERDA Y DE TRABAJADORES - UNIDAD","urlLogo":null,"votos":1003,"votosPorcentaje":5.16},{"idAgrupacion":"38","idAgrupacionTelegrama":"501","nombreAgrupacion":"+ VALORES","urlLogo":null,"votos":450,"votosPorcentaje":2.31}],"valoresTotalizadosOtros":{"votosNulos":289,"votosNulosPorcentaje":1.43,"votosEnBlanco":410,"votosEnBlancoPorcentaje":2.03,"votosRecurridosComandoImpugnados":29,"votosRecurridosComandoImpugnadosPorcentaje":0.14}}