{"fechaTotalizacion":"Nov 15, 2021, 2:45:22 AM","estadoRecuento":{"mesasEsperadas":43,"mesasTotalizadas":41,"mesasTotalizadasPorcentaje":95.34,"cantidadElectores":14135,"cantidadVotantes":10091,"participacionPorcentaje":71.39},"valoresTotalizadosPositivos":[{"idAgrupacion":"44","idAgrupacionTelegrama":"507","nombreAgrupacion":"FRENTE DE TODOS","urlLogo":null,"votos":3836,"votosPorcentaje":45.1},{"idAgrupacion":"43","idAgrupacionTelegrama":"506","nombreAgrupacion":"JUNTOS","urlLogo":null,"votos":2258,"votosPorcentaje":26.55},{"idAgrupacion":"41","idAgrupacionTelegrama":"504","nombreAgrupacion":"FRENTE DE IZQUIERDA Y DE TRABAJADORES - UNIDAD","urlLogo":null,"votos":805,"votosPorcentaje":9.46},{"idAgrupacion":"40","idAgrupacionTelegrama":"503","nombreAgrupacion":"AVANZA LIBERTAD","urlLogo":null,"votos":625,"votosPorcentaje":7.34},{"idAgrupacion":"38","idAgrupacionTelegrama":"501","nombreAgrupacion":"+ VALORES","urlLogo":null,"votos":538,"votosPorcentaje":6.32},{"idAgrupacion":"45","idAgrupacionTelegrama":"508","nombreAgrupacion":"FRENTE VAMOS CON VOS","urlLogo":null,"votos":442,"votosPorcentaje":5.19}],"valoresTotalizadosOtros":{"votosNulos":153,"votosNulosPorcentaje":1.51,"votosEnBlanco":1429,"votosEnBlancoPorcentaje":14.16,"votosRecurridosComandoImpugnados":5,"votosRecurridosComandoImpugnadosPorcentaje":0.04}}