{"fechaTotalizacion":"Nov 15, 2021, 2:45:22 AM","estadoRecuento":{"mesasEsperadas":8,"mesasTotalizadas":8,"mesasTotalizadasPorcentaje":100.0,"cantidadElectores":2500,"cantidadVotantes":1742,"participacionPorcentaje":69.67},"valoresTotalizadosPositivos":[{"idAgrupacion":"44","idAgrupacionTelegrama":"507","nombreAgrupacion":"FRENTE DE TODOS","urlLogo":null,"votos":638,"votosPorcentaje":38.34},{"idAgrupacion":"43","idAgrupacionTelegrama":"506","nombreAgrupacion":"JUNTOS","urlLogo":null,"votos":616,"votosPorcentaje":37.01},{"idAgrupacion":"40","idAgrupacionTelegrama":"503","nombreAgrupacion":"AVANZA LIBERTAD","urlLogo":null,"votos":171,"votosPorcentaje":10.27},{"idAgrupacion":"41","idAgrupacionTelegrama":"504","nombreAgrupacion":"FRENTE DE IZQUIERDA Y DE TRABAJADORES - UNIDAD","urlLogo":null,"votos":98,"votosPorcentaje":5.88},{"idAgrupacion":"45","idAgrupacionTelegrama":"508","nombreAgrupacion":"FRENTE VAMOS CON VOS","urlLogo":null,"votos":72,"votosPorcentaje":4.32},{"idAgrupacion":"38","idAgrupacionTelegrama":"501","nombreAgrupacion":"+ VALORES","urlLogo":null,"votos":69,"votosPorcentaje":4.14}],"valoresTotalizadosOtros":{"votosNulos":12,"votosNulosPorcentaje":0.68,"votosEnBlanco":56,"votosEnBlancoPorcentaje":3.21,"votosRecurridosComandoImpugnados":10,"votosRecurridosComandoImpugnadosPorcentaje":0.57}}