{"fechaTotalizacion":"Nov 15, 2021, 2:45:22 AM","estadoRecuento":{"mesasEsperadas":22,"mesasTotalizadas":22,"mesasTotalizadasPorcentaje":100.0,"cantidadElectores":7603,"cantidadVotantes":5641,"participacionPorcentaje":74.19},"valoresTotalizadosPositivos":[{"idAgrupacion":"43","idAgrupacionTelegrama":"506","nombreAgrupacion":"JUNTOS","urlLogo":null,"votos":2636,"votosPorcentaje":48.53},{"idAgrupacion":"44","idAgrupacionTelegrama":"507","nombreAgrupacion":"FRENTE DE TODOS","urlLogo":null,"votos":1904,"votosPorcentaje":35.05},{"idAgrupacion":"40","idAgrupacionTelegrama":"503","nombreAgrupacion":"AVANZA LIBERTAD","urlLogo":null,"votos":426,"votosPorcentaje":7.84},{"idAgrupacion":"41","idAgrupacionTelegrama":"504","nombreAgrupacion":"FRENTE DE IZQUIERDA Y DE TRABAJADORES - UNIDAD","urlLogo":null,"votos":183,"votosPorcentaje":3.36},{"idAgrupacion":"38","idAgrupacionTelegrama":"501","nombreAgrupacion":"+ VALORES","urlLogo":null,"votos":159,"votosPorcentaje":2.92},{"idAgrupacion":"45","idAgrupacionTelegrama":"508","nombreAgrupacion":"FRENTE VAMOS CON VOS","urlLogo":null,"votos":123,"votosPorcentaje":2.26}],"valoresTotalizadosOtros":{"votosNulos":57,"votosNulosPorcentaje":1.01,"votosEnBlanco":145,"votosEnBlancoPorcentaje":2.57,"votosRecurridosComandoImpugnados":8,"votosRecurridosComandoImpugnadosPorcentaje":0.14}}