{"fechaTotalizacion":"Nov 15, 2021, 2:45:22 AM","estadoRecuento":{"mesasEsperadas":168,"mesasTotalizadas":168,"mesasTotalizadasPorcentaje":100.0,"cantidadElectores":58795,"cantidadVotantes":42701,"participacionPorcentaje":72.62},"valoresTotalizadosPositivos":[{"idAgrupacion":"44","idAgrupacionTelegrama":"507","nombreAgrupacion":"FRENTE DE TODOS","urlLogo":null,"votos":17676,"votosPorcentaje":42.87},{"idAgrupacion":"43","idAgrupacionTelegrama":"506","nombreAgrupacion":"JUNTOS","urlLogo":null,"votos":13244,"votosPorcentaje":32.12},{"idAgrupacion":"41","idAgrupacionTelegrama":"504","nombreAgrupacion":"FRENTE DE IZQUIERDA Y DE TRABAJADORES - UNIDAD","urlLogo":null,"votos":3725,"votosPorcentaje":9.03},{"idAgrupacion":"40","idAgrupacionTelegrama":"503","nombreAgrupacion":"AVANZA LIBERTAD","urlLogo":null,"votos":3174,"votosPorcentaje":7.69},{"idAgrupacion":"45","idAgrupacionTelegrama":"508","nombreAgrupacion":"FRENTE VAMOS CON VOS","urlLogo":null,"votos":1771,"votosPorcentaje":4.29},{"idAgrupacion":"38","idAgrupacionTelegrama":"501","nombreAgrupacion":"+ VALORES","urlLogo":null,"votos":1634,"votosPorcentaje":3.96}],"valoresTotalizadosOtros":{"votosNulos":538,"votosNulosPorcentaje":1.25,"votosEnBlanco":866,"votosEnBlancoPorcentaje":2.02,"votosRecurridosComandoImpugnados":73,"votosRecurridosComandoImpugnadosPorcentaje":0.17}}