{"fechaTotalizacion":"Nov 15, 2021, 2:45:22 AM","estadoRecuento":{"mesasEsperadas":154,"mesasTotalizadas":153,"mesasTotalizadasPorcentaje":99.35,"cantidadElectores":53765,"cantidadVotantes":40019,"participacionPorcentaje":74.43},"valoresTotalizadosPositivos":[{"idAgrupacion":"44","idAgrupacionTelegrama":"507","nombreAgrupacion":"FRENTE DE TODOS","urlLogo":null,"votos":15602,"votosPorcentaje":40.0},{"idAgrupacion":"43","idAgrupacionTelegrama":"506","nombreAgrupacion":"JUNTOS","urlLogo":null,"votos":14748,"votosPorcentaje":37.81},{"idAgrupacion":"40","idAgrupacionTelegrama":"503","nombreAgrupacion":"AVANZA LIBERTAD","urlLogo":null,"votos":3083,"votosPorcentaje":7.9},{"idAgrupacion":"41","idAgrupacionTelegrama":"504","nombreAgrupacion":"FRENTE DE IZQUIERDA Y DE TRABAJADORES - UNIDAD","urlLogo":null,"votos":2768,"votosPorcentaje":7.09},{"idAgrupacion":"45","idAgrupacionTelegrama":"508","nombreAgrupacion":"FRENTE VAMOS CON VOS","urlLogo":null,"votos":1458,"votosPorcentaje":3.73},{"idAgrupacion":"38","idAgrupacionTelegrama":"501","nombreAgrupacion":"+ VALORES","urlLogo":null,"votos":1339,"votosPorcentaje":3.43}],"valoresTotalizadosOtros":{"votosNulos":432,"votosNulosPorcentaje":1.07,"votosEnBlanco":529,"votosEnBlancoPorcentaje":1.32,"votosRecurridosComandoImpugnados":60,"votosRecurridosComandoImpugnadosPorcentaje":0.14}}