{"fechaTotalizacion":"Nov 15, 2021, 2:45:22 AM","estadoRecuento":{"mesasEsperadas":31,"mesasTotalizadas":31,"mesasTotalizadasPorcentaje":100.0,"cantidadElectores":10733,"cantidadVotantes":7741,"participacionPorcentaje":72.12},"valoresTotalizadosPositivos":[{"idAgrupacion":"44","idAgrupacionTelegrama":"507","nombreAgrupacion":"FRENTE DE TODOS","urlLogo":null,"votos":3074,"votosPorcentaje":43.01},{"idAgrupacion":"43","idAgrupacionTelegrama":"506","nombreAgrupacion":"JUNTOS","urlLogo":null,"votos":2572,"votosPorcentaje":35.98},{"idAgrupacion":"41","idAgrupacionTelegrama":"504","nombreAgrupacion":"FRENTE DE IZQUIERDA Y DE TRABAJADORES - UNIDAD","urlLogo":null,"votos":594,"votosPorcentaje":8.31},{"idAgrupacion":"40","idAgrupacionTelegrama":"503","nombreAgrupacion":"AVANZA LIBERTAD","urlLogo":null,"votos":501,"votosPorcentaje":7.0},{"idAgrupacion":"38","idAgrupacionTelegrama":"501","nombreAgrupacion":"+ VALORES","urlLogo":null,"votos":248,"votosPorcentaje":3.46},{"idAgrupacion":"45","idAgrupacionTelegrama":"508","nombreAgrupacion":"FRENTE VAMOS CON VOS","urlLogo":null,"votos":158,"votosPorcentaje":2.21}],"valoresTotalizadosOtros":{"votosNulos":60,"votosNulosPorcentaje":0.77,"votosEnBlanco":534,"votosEnBlancoPorcentaje":6.89,"votosRecurridosComandoImpugnados":0,"votosRecurridosComandoImpugnadosPorcentaje":0.0}}