{"fechaTotalizacion":"Nov 15, 2021, 2:45:22 AM","estadoRecuento":{"mesasEsperadas":4,"mesasTotalizadas":4,"mesasTotalizadasPorcentaje":100.0,"cantidadElectores":1202,"cantidadVotantes":529,"participacionPorcentaje":44.0},"valoresTotalizadosPositivos":[{"idAgrupacion":"43","idAgrupacionTelegrama":"506","nombreAgrupacion":"JUNTOS","urlLogo":null,"votos":216,"votosPorcentaje":41.77},{"idAgrupacion":"44","idAgrupacionTelegrama":"507","nombreAgrupacion":"FRENTE DE TODOS","urlLogo":null,"votos":211,"votosPorcentaje":40.81},{"idAgrupacion":"40","idAgrupacionTelegrama":"503","nombreAgrupacion":"AVANZA LIBERTAD","urlLogo":null,"votos":31,"votosPorcentaje":5.99},{"idAgrupacion":"38","idAgrupacionTelegrama":"501","nombreAgrupacion":"+ VALORES","urlLogo":null,"votos":25,"votosPorcentaje":4.83},{"idAgrupacion":"41","idAgrupacionTelegrama":"504","nombreAgrupacion":"FRENTE DE IZQUIERDA Y DE TRABAJADORES - UNIDAD","urlLogo":null,"votos":21,"votosPorcentaje":4.06},{"idAgrupacion":"45","idAgrupacionTelegrama":"508","nombreAgrupacion":"FRENTE VAMOS CON VOS","urlLogo":null,"votos":13,"votosPorcentaje":2.51}],"valoresTotalizadosOtros":{"votosNulos":5,"votosNulosPorcentaje":0.94,"votosEnBlanco":7,"votosEnBlancoPorcentaje":1.32,"votosRecurridosComandoImpugnados":0,"votosRecurridosComandoImpugnadosPorcentaje":0.0}}