{"fechaTotalizacion":"Nov 15, 2021, 2:45:22 AM","estadoRecuento":{"mesasEsperadas":8,"mesasTotalizadas":8,"mesasTotalizadasPorcentaje":100.0,"cantidadElectores":2594,"cantidadVotantes":1924,"participacionPorcentaje":74.17},"valoresTotalizadosPositivos":[{"idAgrupacion":"44","idAgrupacionTelegrama":"507","nombreAgrupacion":"FRENTE DE TODOS","urlLogo":null,"votos":940,"votosPorcentaje":50.21},{"idAgrupacion":"43","idAgrupacionTelegrama":"506","nombreAgrupacion":"JUNTOS","urlLogo":null,"votos":537,"votosPorcentaje":28.68},{"idAgrupacion":"41","idAgrupacionTelegrama":"504","nombreAgrupacion":"FRENTE DE IZQUIERDA Y DE TRABAJADORES - UNIDAD","urlLogo":null,"votos":125,"votosPorcentaje":6.67},{"idAgrupacion":"40","idAgrupacionTelegrama":"503","nombreAgrupacion":"AVANZA LIBERTAD","urlLogo":null,"votos":97,"votosPorcentaje":5.18},{"idAgrupacion":"45","idAgrupacionTelegrama":"508","nombreAgrupacion":"FRENTE VAMOS CON VOS","urlLogo":null,"votos":88,"votosPorcentaje":4.7},{"idAgrupacion":"38","idAgrupacionTelegrama":"501","nombreAgrupacion":"+ VALORES","urlLogo":null,"votos":85,"votosPorcentaje":4.54}],"valoresTotalizadosOtros":{"votosNulos":8,"votosNulosPorcentaje":0.41,"votosEnBlanco":44,"votosEnBlancoPorcentaje":2.28,"votosRecurridosComandoImpugnados":0,"votosRecurridosComandoImpugnadosPorcentaje":0.0}}