{"fechaTotalizacion":"Nov 15, 2021, 2:45:22 AM","estadoRecuento":{"mesasEsperadas":31,"mesasTotalizadas":31,"mesasTotalizadasPorcentaje":100.0,"cantidadElectores":10745,"cantidadVotantes":7655,"participacionPorcentaje":71.24},"valoresTotalizadosPositivos":[{"idAgrupacion":"43","idAgrupacionTelegrama":"506","nombreAgrupacion":"JUNTOS","urlLogo":null,"votos":3217,"votosPorcentaje":45.65},{"idAgrupacion":"44","idAgrupacionTelegrama":"507","nombreAgrupacion":"FRENTE DE TODOS","urlLogo":null,"votos":2274,"votosPorcentaje":32.27},{"idAgrupacion":"40","idAgrupacionTelegrama":"503","nombreAgrupacion":"AVANZA LIBERTAD","urlLogo":null,"votos":563,"votosPorcentaje":7.99},{"idAgrupacion":"41","idAgrupacionTelegrama":"504","nombreAgrupacion":"FRENTE DE IZQUIERDA Y DE TRABAJADORES - UNIDAD","urlLogo":null,"votos":377,"votosPorcentaje":5.35},{"idAgrupacion":"45","idAgrupacionTelegrama":"508","nombreAgrupacion":"FRENTE VAMOS CON VOS","urlLogo":null,"votos":323,"votosPorcentaje":4.58},{"idAgrupacion":"38","idAgrupacionTelegrama":"501","nombreAgrupacion":"+ VALORES","urlLogo":null,"votos":292,"votosPorcentaje":4.14}],"valoresTotalizadosOtros":{"votosNulos":157,"votosNulosPorcentaje":2.05,"votosEnBlanco":431,"votosEnBlancoPorcentaje":5.63,"votosRecurridosComandoImpugnados":21,"votosRecurridosComandoImpugnadosPorcentaje":0.27}}