{"fechaTotalizacion":"Nov 15, 2021, 2:45:22 AM","estadoRecuento":{"mesasEsperadas":45,"mesasTotalizadas":43,"mesasTotalizadasPorcentaje":95.55,"cantidadElectores":14923,"cantidadVotantes":9672,"participacionPorcentaje":64.81},"valoresTotalizadosPositivos":[{"idAgrupacion":"97","idAgrupacionTelegrama":"503","nombreAgrupacion":"JUNTOS POR EL CAMBIO","urlLogo":null,"votos":3857,"votosPorcentaje":42.56},{"idAgrupacion":"96","idAgrupacionTelegrama":"502","nombreAgrupacion":"FRENTE DE TODOS","urlLogo":null,"votos":3731,"votosPorcentaje":41.17},{"idAgrupacion":"98","idAgrupacionTelegrama":"504","nombreAgrupacion":"FRENTE DE IZQUIERDA Y DE TRABAJADORES - UNIDAD","urlLogo":null,"votos":611,"votosPorcentaje":6.74},{"idAgrupacion":"95","idAgrupacionTelegrama":"501","nombreAgrupacion":"FRENTE AMPLIO CATAMARQUEÑO","urlLogo":null,"votos":541,"votosPorcentaje":5.96},{"idAgrupacion":"91","idAgrupacionTelegrama":"219","nombreAgrupacion":"CORRIENTE DE PENSAMIENTO BONAERENSE","urlLogo":null,"votos":322,"votosPorcentaje":3.55}],"valoresTotalizadosOtros":{"votosNulos":156,"votosNulosPorcentaje":1.61,"votosEnBlanco":437,"votosEnBlancoPorcentaje":4.51,"votosRecurridosComandoImpugnados":17,"votosRecurridosComandoImpugnadosPorcentaje":0.17}}