{"fechaTotalizacion":"Nov 15, 2021, 2:45:22 AM","estadoRecuento":{"mesasEsperadas":14,"mesasTotalizadas":12,"mesasTotalizadasPorcentaje":85.71,"cantidadElectores":4113,"cantidadVotantes":3551,"participacionPorcentaje":86.33},"valoresTotalizadosPositivos":[{"idAgrupacion":"96","idAgrupacionTelegrama":"502","nombreAgrupacion":"FRENTE DE TODOS","urlLogo":null,"votos":1654,"votosPorcentaje":80.84},{"idAgrupacion":"97","idAgrupacionTelegrama":"503","nombreAgrupacion":"JUNTOS POR EL CAMBIO","urlLogo":null,"votos":337,"votosPorcentaje":16.47},{"idAgrupacion":"95","idAgrupacionTelegrama":"501","nombreAgrupacion":"FRENTE AMPLIO CATAMARQUEÑO","urlLogo":null,"votos":28,"votosPorcentaje":1.36},{"idAgrupacion":"98","idAgrupacionTelegrama":"504","nombreAgrupacion":"FRENTE DE IZQUIERDA Y DE TRABAJADORES - UNIDAD","urlLogo":null,"votos":19,"votosPorcentaje":0.92},{"idAgrupacion":"91","idAgrupacionTelegrama":"219","nombreAgrupacion":"CORRIENTE DE PENSAMIENTO BONAERENSE","urlLogo":null,"votos":8,"votosPorcentaje":0.39}],"valoresTotalizadosOtros":{"votosNulos":11,"votosNulosPorcentaje":0.3,"votosEnBlanco":1489,"votosEnBlancoPorcentaje":41.93,"votosRecurridosComandoImpugnados":5,"votosRecurridosComandoImpugnadosPorcentaje":0.14}}