{"fechaTotalizacion":"Nov 15, 2021, 2:45:22 AM","estadoRecuento":{"mesasEsperadas":3,"mesasTotalizadas":3,"mesasTotalizadasPorcentaje":100.0,"cantidadElectores":953,"cantidadVotantes":710,"participacionPorcentaje":74.5},"valoresTotalizadosPositivos":[{"idAgrupacion":"96","idAgrupacionTelegrama":"502","nombreAgrupacion":"FRENTE DE TODOS","urlLogo":null,"votos":377,"votosPorcentaje":53.78},{"idAgrupacion":"97","idAgrupacionTelegrama":"503","nombreAgrupacion":"JUNTOS POR EL CAMBIO","urlLogo":null,"votos":312,"votosPorcentaje":44.5},{"idAgrupacion":"95","idAgrupacionTelegrama":"501","nombreAgrupacion":"FRENTE AMPLIO CATAMARQUEÑO","urlLogo":null,"votos":6,"votosPorcentaje":0.85},{"idAgrupacion":"98","idAgrupacionTelegrama":"504","nombreAgrupacion":"FRENTE DE IZQUIERDA Y DE TRABAJADORES - UNIDAD","urlLogo":null,"votos":4,"votosPorcentaje":0.57},{"idAgrupacion":"91","idAgrupacionTelegrama":"219","nombreAgrupacion":"CORRIENTE DE PENSAMIENTO BONAERENSE","urlLogo":null,"votos":2,"votosPorcentaje":0.28}],"valoresTotalizadosOtros":{"votosNulos":4,"votosNulosPorcentaje":0.56,"votosEnBlanco":5,"votosEnBlancoPorcentaje":0.7,"votosRecurridosComandoImpugnados":0,"votosRecurridosComandoImpugnadosPorcentaje":0.0}}