{"fechaTotalizacion":"Nov 15, 2021, 2:45:22 AM","estadoRecuento":{"mesasEsperadas":2,"mesasTotalizadas":2,"mesasTotalizadasPorcentaje":100.0,"cantidadElectores":387,"cantidadVotantes":325,"participacionPorcentaje":83.97},"valoresTotalizadosPositivos":[{"idAgrupacion":"96","idAgrupacionTelegrama":"502","nombreAgrupacion":"FRENTE DE TODOS","urlLogo":null,"votos":177,"votosPorcentaje":55.83},{"idAgrupacion":"97","idAgrupacionTelegrama":"503","nombreAgrupacion":"JUNTOS POR EL CAMBIO","urlLogo":null,"votos":139,"votosPorcentaje":43.84},{"idAgrupacion":"98","idAgrupacionTelegrama":"504","nombreAgrupacion":"FRENTE DE IZQUIERDA Y DE TRABAJADORES - UNIDAD","urlLogo":null,"votos":1,"votosPorcentaje":0.31},{"idAgrupacion":"91","idAgrupacionTelegrama":"219","nombreAgrupacion":"CORRIENTE DE PENSAMIENTO BONAERENSE","urlLogo":null,"votos":0,"votosPorcentaje":0.0},{"idAgrupacion":"95","idAgrupacionTelegrama":"501","nombreAgrupacion":"FRENTE AMPLIO CATAMARQUEÑO","urlLogo":null,"votos":0,"votosPorcentaje":0.0}],"valoresTotalizadosOtros":{"votosNulos":1,"votosNulosPorcentaje":0.3,"votosEnBlanco":7,"votosEnBlancoPorcentaje":2.15,"votosRecurridosComandoImpugnados":0,"votosRecurridosComandoImpugnadosPorcentaje":0.0}}