{"fechaTotalizacion":"Nov 15, 2021, 2:45:22 AM","estadoRecuento":{"mesasEsperadas":1,"mesasTotalizadas":1,"mesasTotalizadasPorcentaje":100.0,"cantidadElectores":297,"cantidadVotantes":238,"participacionPorcentaje":80.13},"valoresTotalizadosPositivos":[{"idAgrupacion":"96","idAgrupacionTelegrama":"502","nombreAgrupacion":"FRENTE DE TODOS","urlLogo":null,"votos":157,"votosPorcentaje":68.55},{"idAgrupacion":"97","idAgrupacionTelegrama":"503","nombreAgrupacion":"JUNTOS POR EL CAMBIO","urlLogo":null,"votos":69,"votosPorcentaje":30.13},{"idAgrupacion":"91","idAgrupacionTelegrama":"219","nombreAgrupacion":"CORRIENTE DE PENSAMIENTO BONAERENSE","urlLogo":null,"votos":1,"votosPorcentaje":0.43},{"idAgrupacion":"95","idAgrupacionTelegrama":"501","nombreAgrupacion":"FRENTE AMPLIO CATAMARQUEÑO","urlLogo":null,"votos":1,"votosPorcentaje":0.43},{"idAgrupacion":"98","idAgrupacionTelegrama":"504","nombreAgrupacion":"FRENTE DE IZQUIERDA Y DE TRABAJADORES - UNIDAD","urlLogo":null,"votos":1,"votosPorcentaje":0.43}],"valoresTotalizadosOtros":{"votosNulos":1,"votosNulosPorcentaje":0.42,"votosEnBlanco":7,"votosEnBlancoPorcentaje":2.94,"votosRecurridosComandoImpugnados":1,"votosRecurridosComandoImpugnadosPorcentaje":0.42}}