{"fechaTotalizacion":"Nov 15, 2021, 2:45:22 AM","estadoRecuento":{"mesasEsperadas":67,"mesasTotalizadas":67,"mesasTotalizadasPorcentaje":100.0,"cantidadElectores":23131,"cantidadVotantes":14929,"participacionPorcentaje":64.54},"valoresTotalizadosPositivos":[{"idAgrupacion":"113","idAgrupacionTelegrama":"503","nombreAgrupacion":"JUNTOS POR EL CAMBIO","urlLogo":null,"votos":8044,"votosPorcentaje":55.22},{"idAgrupacion":"112","idAgrupacionTelegrama":"502","nombreAgrupacion":"HACEMOS POR CÓRDOBA","urlLogo":null,"votos":2826,"votosPorcentaje":19.4},{"idAgrupacion":"115","idAgrupacionTelegrama":"505","nombreAgrupacion":"FRENTE DE TODOS","urlLogo":null,"votos":1441,"votosPorcentaje":9.89},{"idAgrupacion":"107","idAgrupacionTelegrama":"217","nombreAgrupacion":"ENCUENTRO VECINAL CÓRDOBA","urlLogo":null,"votos":911,"votosPorcentaje":6.25},{"idAgrupacion":"114","idAgrupacionTelegrama":"504","nombreAgrupacion":"FRENTE DE IZQUIERDA Y DE TRABAJADORES - UNIDAD","urlLogo":null,"votos":858,"votosPorcentaje":5.89},{"idAgrupacion":"111","idAgrupacionTelegrama":"501","nombreAgrupacion":"LA LIBERTAD AVANZA","urlLogo":null,"votos":338,"votosPorcentaje":2.32},{"idAgrupacion":"103","idAgrupacionTelegrama":"23","nombreAgrupacion":"UNIÓN POPULAR FEDERAL","urlLogo":null,"votos":147,"votosPorcentaje":1.0}],"valoresTotalizadosOtros":{"votosNulos":197,"votosNulosPorcentaje":1.31,"votosEnBlanco":159,"votosEnBlancoPorcentaje":1.06,"votosRecurridosComandoImpugnados":8,"votosRecurridosComandoImpugnadosPorcentaje":0.05}}