{"fechaTotalizacion":"Nov 15, 2021, 2:45:22 AM","estadoRecuento":{"mesasEsperadas":33,"mesasTotalizadas":33,"mesasTotalizadasPorcentaje":100.0,"cantidadElectores":11430,"cantidadVotantes":7622,"participacionPorcentaje":66.68},"valoresTotalizadosPositivos":[{"idAgrupacion":"113","idAgrupacionTelegrama":"503","nombreAgrupacion":"JUNTOS POR EL CAMBIO","urlLogo":null,"votos":4893,"votosPorcentaje":66.17},{"idAgrupacion":"112","idAgrupacionTelegrama":"502","nombreAgrupacion":"HACEMOS POR CÓRDOBA","urlLogo":null,"votos":1394,"votosPorcentaje":18.85},{"idAgrupacion":"115","idAgrupacionTelegrama":"505","nombreAgrupacion":"FRENTE DE TODOS","urlLogo":null,"votos":607,"votosPorcentaje":8.2},{"idAgrupacion":"114","idAgrupacionTelegrama":"504","nombreAgrupacion":"FRENTE DE IZQUIERDA Y DE TRABAJADORES - UNIDAD","urlLogo":null,"votos":166,"votosPorcentaje":2.24},{"idAgrupacion":"111","idAgrupacionTelegrama":"501","nombreAgrupacion":"LA LIBERTAD AVANZA","urlLogo":null,"votos":149,"votosPorcentaje":2.01},{"idAgrupacion":"107","idAgrupacionTelegrama":"217","nombreAgrupacion":"ENCUENTRO VECINAL CÓRDOBA","urlLogo":null,"votos":143,"votosPorcentaje":1.93},{"idAgrupacion":"103","idAgrupacionTelegrama":"23","nombreAgrupacion":"UNIÓN POPULAR FEDERAL","urlLogo":null,"votos":42,"votosPorcentaje":0.56}],"valoresTotalizadosOtros":{"votosNulos":138,"votosNulosPorcentaje":1.81,"votosEnBlanco":89,"votosEnBlancoPorcentaje":1.16,"votosRecurridosComandoImpugnados":1,"votosRecurridosComandoImpugnadosPorcentaje":0.01}}