{"fechaTotalizacion":"Nov 15, 2021, 2:45:22 AM","estadoRecuento":{"mesasEsperadas":33,"mesasTotalizadas":33,"mesasTotalizadasPorcentaje":100.0,"cantidadElectores":11399,"cantidadVotantes":8154,"participacionPorcentaje":71.53},"valoresTotalizadosPositivos":[{"idAgrupacion":"113","idAgrupacionTelegrama":"503","nombreAgrupacion":"JUNTOS POR EL CAMBIO","urlLogo":null,"votos":4526,"votosPorcentaje":57.53},{"idAgrupacion":"112","idAgrupacionTelegrama":"502","nombreAgrupacion":"HACEMOS POR CÓRDOBA","urlLogo":null,"votos":1844,"votosPorcentaje":23.44},{"idAgrupacion":"115","idAgrupacionTelegrama":"505","nombreAgrupacion":"FRENTE DE TODOS","urlLogo":null,"votos":907,"votosPorcentaje":11.53},{"idAgrupacion":"111","idAgrupacionTelegrama":"501","nombreAgrupacion":"LA LIBERTAD AVANZA","urlLogo":null,"votos":186,"votosPorcentaje":2.36},{"idAgrupacion":"114","idAgrupacionTelegrama":"504","nombreAgrupacion":"FRENTE DE IZQUIERDA Y DE TRABAJADORES - UNIDAD","urlLogo":null,"votos":158,"votosPorcentaje":2.0},{"idAgrupacion":"107","idAgrupacionTelegrama":"217","nombreAgrupacion":"ENCUENTRO VECINAL CÓRDOBA","urlLogo":null,"votos":156,"votosPorcentaje":1.98},{"idAgrupacion":"103","idAgrupacionTelegrama":"23","nombreAgrupacion":"UNIÓN POPULAR FEDERAL","urlLogo":null,"votos":89,"votosPorcentaje":1.13}],"valoresTotalizadosOtros":{"votosNulos":174,"votosNulosPorcentaje":2.13,"votosEnBlanco":114,"votosEnBlancoPorcentaje":1.39,"votosRecurridosComandoImpugnados":0,"votosRecurridosComandoImpugnadosPorcentaje":0.0}}