{"fechaTotalizacion":"Nov 15, 2021, 2:45:22 AM","estadoRecuento":{"mesasEsperadas":5,"mesasTotalizadas":5,"mesasTotalizadasPorcentaje":100.0,"cantidadElectores":1655,"cantidadVotantes":1139,"participacionPorcentaje":68.82},"valoresTotalizadosPositivos":[{"idAgrupacion":"113","idAgrupacionTelegrama":"503","nombreAgrupacion":"JUNTOS POR EL CAMBIO","urlLogo":null,"votos":552,"votosPorcentaje":49.9},{"idAgrupacion":"112","idAgrupacionTelegrama":"502","nombreAgrupacion":"HACEMOS POR CÓRDOBA","urlLogo":null,"votos":373,"votosPorcentaje":33.72},{"idAgrupacion":"107","idAgrupacionTelegrama":"217","nombreAgrupacion":"ENCUENTRO VECINAL CÓRDOBA","urlLogo":null,"votos":60,"votosPorcentaje":5.42},{"idAgrupacion":"115","idAgrupacionTelegrama":"505","nombreAgrupacion":"FRENTE DE TODOS","urlLogo":null,"votos":49,"votosPorcentaje":4.43},{"idAgrupacion":"114","idAgrupacionTelegrama":"504","nombreAgrupacion":"FRENTE DE IZQUIERDA Y DE TRABAJADORES - UNIDAD","urlLogo":null,"votos":42,"votosPorcentaje":3.79},{"idAgrupacion":"111","idAgrupacionTelegrama":"501","nombreAgrupacion":"LA LIBERTAD AVANZA","urlLogo":null,"votos":20,"votosPorcentaje":1.8},{"idAgrupacion":"103","idAgrupacionTelegrama":"23","nombreAgrupacion":"UNIÓN POPULAR FEDERAL","urlLogo":null,"votos":10,"votosPorcentaje":0.9}],"valoresTotalizadosOtros":{"votosNulos":21,"votosNulosPorcentaje":1.84,"votosEnBlanco":12,"votosEnBlancoPorcentaje":1.05,"votosRecurridosComandoImpugnados":0,"votosRecurridosComandoImpugnadosPorcentaje":0.0}}