{"fechaTotalizacion":"Nov 15, 2021, 2:45:22 AM","estadoRecuento":{"mesasEsperadas":3,"mesasTotalizadas":3,"mesasTotalizadasPorcentaje":100.0,"cantidadElectores":783,"cantidadVotantes":453,"participacionPorcentaje":57.85},"valoresTotalizadosPositivos":[{"idAgrupacion":"112","idAgrupacionTelegrama":"502","nombreAgrupacion":"HACEMOS POR CÓRDOBA","urlLogo":null,"votos":172,"votosPorcentaje":40.75},{"idAgrupacion":"113","idAgrupacionTelegrama":"503","nombreAgrupacion":"JUNTOS POR EL CAMBIO","urlLogo":null,"votos":170,"votosPorcentaje":40.28},{"idAgrupacion":"115","idAgrupacionTelegrama":"505","nombreAgrupacion":"FRENTE DE TODOS","urlLogo":null,"votos":26,"votosPorcentaje":6.16},{"idAgrupacion":"107","idAgrupacionTelegrama":"217","nombreAgrupacion":"ENCUENTRO VECINAL CÓRDOBA","urlLogo":null,"votos":20,"votosPorcentaje":4.73},{"idAgrupacion":"111","idAgrupacionTelegrama":"501","nombreAgrupacion":"LA LIBERTAD AVANZA","urlLogo":null,"votos":17,"votosPorcentaje":4.02},{"idAgrupacion":"114","idAgrupacionTelegrama":"504","nombreAgrupacion":"FRENTE DE IZQUIERDA Y DE TRABAJADORES - UNIDAD","urlLogo":null,"votos":14,"votosPorcentaje":3.31},{"idAgrupacion":"103","idAgrupacionTelegrama":"23","nombreAgrupacion":"UNIÓN POPULAR FEDERAL","urlLogo":null,"votos":3,"votosPorcentaje":0.71}],"valoresTotalizadosOtros":{"votosNulos":24,"votosNulosPorcentaje":5.29,"votosEnBlanco":7,"votosEnBlancoPorcentaje":1.54,"votosRecurridosComandoImpugnados":0,"votosRecurridosComandoImpugnadosPorcentaje":0.0}}