{"fechaTotalizacion":"Nov 15, 2021, 2:45:22 AM","estadoRecuento":{"mesasEsperadas":5,"mesasTotalizadas":5,"mesasTotalizadasPorcentaje":100.0,"cantidadElectores":1414,"cantidadVotantes":1020,"participacionPorcentaje":72.13},"valoresTotalizadosPositivos":[{"idAgrupacion":"113","idAgrupacionTelegrama":"503","nombreAgrupacion":"JUNTOS POR EL CAMBIO","urlLogo":null,"votos":566,"votosPorcentaje":57.69},{"idAgrupacion":"112","idAgrupacionTelegrama":"502","nombreAgrupacion":"HACEMOS POR CÓRDOBA","urlLogo":null,"votos":211,"votosPorcentaje":21.5},{"idAgrupacion":"115","idAgrupacionTelegrama":"505","nombreAgrupacion":"FRENTE DE TODOS","urlLogo":null,"votos":147,"votosPorcentaje":14.98},{"idAgrupacion":"111","idAgrupacionTelegrama":"501","nombreAgrupacion":"LA LIBERTAD AVANZA","urlLogo":null,"votos":23,"votosPorcentaje":2.34},{"idAgrupacion":"107","idAgrupacionTelegrama":"217","nombreAgrupacion":"ENCUENTRO VECINAL CÓRDOBA","urlLogo":null,"votos":13,"votosPorcentaje":1.32},{"idAgrupacion":"103","idAgrupacionTelegrama":"23","nombreAgrupacion":"UNIÓN POPULAR FEDERAL","urlLogo":null,"votos":11,"votosPorcentaje":1.12},{"idAgrupacion":"114","idAgrupacionTelegrama":"504","nombreAgrupacion":"FRENTE DE IZQUIERDA Y DE TRABAJADORES - UNIDAD","urlLogo":null,"votos":10,"votosPorcentaje":1.01}],"valoresTotalizadosOtros":{"votosNulos":19,"votosNulosPorcentaje":1.86,"votosEnBlanco":20,"votosEnBlancoPorcentaje":1.96,"votosRecurridosComandoImpugnados":0,"votosRecurridosComandoImpugnadosPorcentaje":0.0}}