{"fechaTotalizacion":"Nov 15, 2021, 2:45:22 AM","estadoRecuento":{"mesasEsperadas":2,"mesasTotalizadas":2,"mesasTotalizadasPorcentaje":100.0,"cantidadElectores":558,"cantidadVotantes":332,"participacionPorcentaje":59.49},"valoresTotalizadosPositivos":[{"idAgrupacion":"112","idAgrupacionTelegrama":"502","nombreAgrupacion":"HACEMOS POR CÓRDOBA","urlLogo":null,"votos":156,"votosPorcentaje":48.0},{"idAgrupacion":"113","idAgrupacionTelegrama":"503","nombreAgrupacion":"JUNTOS POR EL CAMBIO","urlLogo":null,"votos":149,"votosPorcentaje":45.84},{"idAgrupacion":"115","idAgrupacionTelegrama":"505","nombreAgrupacion":"FRENTE DE TODOS","urlLogo":null,"votos":13,"votosPorcentaje":4.0},{"idAgrupacion":"114","idAgrupacionTelegrama":"504","nombreAgrupacion":"FRENTE DE IZQUIERDA Y DE TRABAJADORES - UNIDAD","urlLogo":null,"votos":4,"votosPorcentaje":1.23},{"idAgrupacion":"111","idAgrupacionTelegrama":"501","nombreAgrupacion":"LA LIBERTAD AVANZA","urlLogo":null,"votos":2,"votosPorcentaje":0.61},{"idAgrupacion":"107","idAgrupacionTelegrama":"217","nombreAgrupacion":"ENCUENTRO VECINAL CÓRDOBA","urlLogo":null,"votos":1,"votosPorcentaje":0.3},{"idAgrupacion":"103","idAgrupacionTelegrama":"23","nombreAgrupacion":"UNIÓN POPULAR FEDERAL","urlLogo":null,"votos":0,"votosPorcentaje":0.0}],"valoresTotalizadosOtros":{"votosNulos":1,"votosNulosPorcentaje":0.3,"votosEnBlanco":6,"votosEnBlancoPorcentaje":1.8,"votosRecurridosComandoImpugnados":0,"votosRecurridosComandoImpugnadosPorcentaje":0.0}}