{"fechaTotalizacion":"Nov 15, 2021, 2:45:22 AM","estadoRecuento":{"mesasEsperadas":2,"mesasTotalizadas":2,"mesasTotalizadasPorcentaje":100.0,"cantidadElectores":458,"cantidadVotantes":299,"participacionPorcentaje":65.28},"valoresTotalizadosPositivos":[{"idAgrupacion":"112","idAgrupacionTelegrama":"502","nombreAgrupacion":"HACEMOS POR CÓRDOBA","urlLogo":null,"votos":134,"votosPorcentaje":46.68},{"idAgrupacion":"113","idAgrupacionTelegrama":"503","nombreAgrupacion":"JUNTOS POR EL CAMBIO","urlLogo":null,"votos":125,"votosPorcentaje":43.55},{"idAgrupacion":"115","idAgrupacionTelegrama":"505","nombreAgrupacion":"FRENTE DE TODOS","urlLogo":null,"votos":16,"votosPorcentaje":5.57},{"idAgrupacion":"114","idAgrupacionTelegrama":"504","nombreAgrupacion":"FRENTE DE IZQUIERDA Y DE TRABAJADORES - UNIDAD","urlLogo":null,"votos":5,"votosPorcentaje":1.74},{"idAgrupacion":"111","idAgrupacionTelegrama":"501","nombreAgrupacion":"LA LIBERTAD AVANZA","urlLogo":null,"votos":4,"votosPorcentaje":1.39},{"idAgrupacion":"107","idAgrupacionTelegrama":"217","nombreAgrupacion":"ENCUENTRO VECINAL CÓRDOBA","urlLogo":null,"votos":3,"votosPorcentaje":1.04},{"idAgrupacion":"103","idAgrupacionTelegrama":"23","nombreAgrupacion":"UNIÓN POPULAR FEDERAL","urlLogo":null,"votos":0,"votosPorcentaje":0.0}],"valoresTotalizadosOtros":{"votosNulos":2,"votosNulosPorcentaje":0.66,"votosEnBlanco":10,"votosEnBlancoPorcentaje":3.34,"votosRecurridosComandoImpugnados":0,"votosRecurridosComandoImpugnadosPorcentaje":0.0}}