{"fechaTotalizacion":"Nov 15, 2021, 2:45:22 AM","estadoRecuento":{"mesasEsperadas":81,"mesasTotalizadas":81,"mesasTotalizadasPorcentaje":100.0,"cantidadElectores":28212,"cantidadVotantes":18483,"participacionPorcentaje":65.51},"valoresTotalizadosPositivos":[{"idAgrupacion":"118","idAgrupacionTelegrama":"502","nombreAgrupacion":"ECO + VAMOS CORRIENTES","urlLogo":null,"votos":10387,"votosPorcentaje":58.76},{"idAgrupacion":"117","idAgrupacionTelegrama":"501","nombreAgrupacion":"FRENTE DE TODOS","urlLogo":null,"votos":6042,"votosPorcentaje":34.18},{"idAgrupacion":"119","idAgrupacionTelegrama":"503","nombreAgrupacion":"VAMOS CON VOS","urlLogo":null,"votos":642,"votosPorcentaje":3.63},{"idAgrupacion":"116","idAgrupacionTelegrama":"82","nombreAgrupacion":"COMPROMISO FEDERAL","urlLogo":null,"votos":603,"votosPorcentaje":3.41}],"valoresTotalizadosOtros":{"votosNulos":430,"votosNulosPorcentaje":2.32,"votosEnBlanco":378,"votosEnBlancoPorcentaje":2.04,"votosRecurridosComandoImpugnados":1,"votosRecurridosComandoImpugnadosPorcentaje":0.01}}