{"fechaTotalizacion":"Nov 15, 2021, 2:45:22 AM","estadoRecuento":{"mesasEsperadas":3,"mesasTotalizadas":3,"mesasTotalizadasPorcentaje":100.0,"cantidadElectores":891,"cantidadVotantes":521,"participacionPorcentaje":58.47},"valoresTotalizadosPositivos":[{"idAgrupacion":"118","idAgrupacionTelegrama":"502","nombreAgrupacion":"ECO + VAMOS CORRIENTES","urlLogo":null,"votos":293,"votosPorcentaje":57.45},{"idAgrupacion":"117","idAgrupacionTelegrama":"501","nombreAgrupacion":"FRENTE DE TODOS","urlLogo":null,"votos":211,"votosPorcentaje":41.37},{"idAgrupacion":"116","idAgrupacionTelegrama":"82","nombreAgrupacion":"COMPROMISO FEDERAL","urlLogo":null,"votos":4,"votosPorcentaje":0.78},{"idAgrupacion":"119","idAgrupacionTelegrama":"503","nombreAgrupacion":"VAMOS CON VOS","urlLogo":null,"votos":2,"votosPorcentaje":0.39}],"valoresTotalizadosOtros":{"votosNulos":1,"votosNulosPorcentaje":0.19,"votosEnBlanco":10,"votosEnBlancoPorcentaje":1.91,"votosRecurridosComandoImpugnados":0,"votosRecurridosComandoImpugnadosPorcentaje":0.0}}