{"fechaTotalizacion":"Nov 15, 2021, 2:45:22 AM","estadoRecuento":{"mesasEsperadas":1,"mesasTotalizadas":1,"mesasTotalizadasPorcentaje":100.0,"cantidadElectores":66,"cantidadVotantes":36,"participacionPorcentaje":54.54},"valoresTotalizadosPositivos":[{"idAgrupacion":"117","idAgrupacionTelegrama":"501","nombreAgrupacion":"FRENTE DE TODOS","urlLogo":null,"votos":20,"votosPorcentaje":55.55},{"idAgrupacion":"118","idAgrupacionTelegrama":"502","nombreAgrupacion":"ECO + VAMOS CORRIENTES","urlLogo":null,"votos":16,"votosPorcentaje":44.44},{"idAgrupacion":"116","idAgrupacionTelegrama":"82","nombreAgrupacion":"COMPROMISO FEDERAL","urlLogo":null,"votos":0,"votosPorcentaje":0.0},{"idAgrupacion":"119","idAgrupacionTelegrama":"503","nombreAgrupacion":"VAMOS CON VOS","urlLogo":null,"votos":0,"votosPorcentaje":0.0}],"valoresTotalizadosOtros":{"votosNulos":0,"votosNulosPorcentaje":0.0,"votosEnBlanco":0,"votosEnBlancoPorcentaje":0.0,"votosRecurridosComandoImpugnados":0,"votosRecurridosComandoImpugnadosPorcentaje":0.0}}