{"fechaTotalizacion":"Nov 15, 2021, 2:45:22 AM","estadoRecuento":{"mesasEsperadas":13,"mesasTotalizadas":13,"mesasTotalizadasPorcentaje":100.0,"cantidadElectores":4494,"cantidadVotantes":3153,"participacionPorcentaje":70.16},"valoresTotalizadosPositivos":[{"idAgrupacion":"118","idAgrupacionTelegrama":"502","nombreAgrupacion":"ECO + VAMOS CORRIENTES","urlLogo":null,"votos":2038,"votosPorcentaje":66.14},{"idAgrupacion":"117","idAgrupacionTelegrama":"501","nombreAgrupacion":"FRENTE DE TODOS","urlLogo":null,"votos":939,"votosPorcentaje":30.47},{"idAgrupacion":"116","idAgrupacionTelegrama":"82","nombreAgrupacion":"COMPROMISO FEDERAL","urlLogo":null,"votos":56,"votosPorcentaje":1.81},{"idAgrupacion":"119","idAgrupacionTelegrama":"503","nombreAgrupacion":"VAMOS CON VOS","urlLogo":null,"votos":48,"votosPorcentaje":1.55}],"valoresTotalizadosOtros":{"votosNulos":36,"votosNulosPorcentaje":1.14,"votosEnBlanco":36,"votosEnBlancoPorcentaje":1.14,"votosRecurridosComandoImpugnados":0,"votosRecurridosComandoImpugnadosPorcentaje":0.0}}