{"fechaTotalizacion":"Nov 15, 2021, 2:45:22 AM","estadoRecuento":{"mesasEsperadas":3,"mesasTotalizadas":3,"mesasTotalizadasPorcentaje":100.0,"cantidadElectores":724,"cantidadVotantes":301,"participacionPorcentaje":41.57},"valoresTotalizadosPositivos":[{"idAgrupacion":"118","idAgrupacionTelegrama":"502","nombreAgrupacion":"ECO + VAMOS CORRIENTES","urlLogo":null,"votos":157,"votosPorcentaje":52.33},{"idAgrupacion":"117","idAgrupacionTelegrama":"501","nombreAgrupacion":"FRENTE DE TODOS","urlLogo":null,"votos":138,"votosPorcentaje":46.0},{"idAgrupacion":"119","idAgrupacionTelegrama":"503","nombreAgrupacion":"VAMOS CON VOS","urlLogo":null,"votos":4,"votosPorcentaje":1.33},{"idAgrupacion":"116","idAgrupacionTelegrama":"82","nombreAgrupacion":"COMPROMISO FEDERAL","urlLogo":null,"votos":1,"votosPorcentaje":0.33}],"valoresTotalizadosOtros":{"votosNulos":0,"votosNulosPorcentaje":0.0,"votosEnBlanco":1,"votosEnBlancoPorcentaje":0.33,"votosRecurridosComandoImpugnados":0,"votosRecurridosComandoImpugnadosPorcentaje":0.0}}