{"fechaTotalizacion":"Nov 15, 2021, 2:45:22 AM","estadoRecuento":{"mesasEsperadas":5,"mesasTotalizadas":5,"mesasTotalizadasPorcentaje":100.0,"cantidadElectores":1675,"cantidadVotantes":986,"participacionPorcentaje":58.86},"valoresTotalizadosPositivos":[{"idAgrupacion":"118","idAgrupacionTelegrama":"502","nombreAgrupacion":"ECO + VAMOS CORRIENTES","urlLogo":null,"votos":711,"votosPorcentaje":73.9},{"idAgrupacion":"117","idAgrupacionTelegrama":"501","nombreAgrupacion":"FRENTE DE TODOS","urlLogo":null,"votos":233,"votosPorcentaje":24.22},{"idAgrupacion":"116","idAgrupacionTelegrama":"82","nombreAgrupacion":"COMPROMISO FEDERAL","urlLogo":null,"votos":9,"votosPorcentaje":0.93},{"idAgrupacion":"119","idAgrupacionTelegrama":"503","nombreAgrupacion":"VAMOS CON VOS","urlLogo":null,"votos":9,"votosPorcentaje":0.93}],"valoresTotalizadosOtros":{"votosNulos":13,"votosNulosPorcentaje":1.31,"votosEnBlanco":11,"votosEnBlancoPorcentaje":1.11,"votosRecurridosComandoImpugnados":0,"votosRecurridosComandoImpugnadosPorcentaje":0.0}}