{"fechaTotalizacion":"Nov 15, 2021, 2:45:22 AM","estadoRecuento":{"mesasEsperadas":12,"mesasTotalizadas":12,"mesasTotalizadasPorcentaje":100.0,"cantidadElectores":4084,"cantidadVotantes":2535,"participacionPorcentaje":62.07},"valoresTotalizadosPositivos":[{"idAgrupacion":"118","idAgrupacionTelegrama":"502","nombreAgrupacion":"ECO + VAMOS CORRIENTES","urlLogo":null,"votos":1215,"votosPorcentaje":49.33},{"idAgrupacion":"117","idAgrupacionTelegrama":"501","nombreAgrupacion":"FRENTE DE TODOS","urlLogo":null,"votos":1203,"votosPorcentaje":48.84},{"idAgrupacion":"116","idAgrupacionTelegrama":"82","nombreAgrupacion":"COMPROMISO FEDERAL","urlLogo":null,"votos":27,"votosPorcentaje":1.09},{"idAgrupacion":"119","idAgrupacionTelegrama":"503","nombreAgrupacion":"VAMOS CON VOS","urlLogo":null,"votos":18,"votosPorcentaje":0.73}],"valoresTotalizadosOtros":{"votosNulos":25,"votosNulosPorcentaje":0.98,"votosEnBlanco":47,"votosEnBlancoPorcentaje":1.85,"votosRecurridosComandoImpugnados":0,"votosRecurridosComandoImpugnadosPorcentaje":0.0}}