{"fechaTotalizacion":"Nov 15, 2021, 2:45:22 AM","estadoRecuento":{"mesasEsperadas":2,"mesasTotalizadas":2,"mesasTotalizadasPorcentaje":100.0,"cantidadElectores":626,"cantidadVotantes":395,"participacionPorcentaje":63.09},"valoresTotalizadosPositivos":[{"idAgrupacion":"118","idAgrupacionTelegrama":"502","nombreAgrupacion":"ECO + VAMOS CORRIENTES","urlLogo":null,"votos":272,"votosPorcentaje":70.46},{"idAgrupacion":"117","idAgrupacionTelegrama":"501","nombreAgrupacion":"FRENTE DE TODOS","urlLogo":null,"votos":109,"votosPorcentaje":28.23},{"idAgrupacion":"119","idAgrupacionTelegrama":"503","nombreAgrupacion":"VAMOS CON VOS","urlLogo":null,"votos":4,"votosPorcentaje":1.03},{"idAgrupacion":"116","idAgrupacionTelegrama":"82","nombreAgrupacion":"COMPROMISO FEDERAL","urlLogo":null,"votos":1,"votosPorcentaje":0.25}],"valoresTotalizadosOtros":{"votosNulos":6,"votosNulosPorcentaje":1.51,"votosEnBlanco":3,"votosEnBlancoPorcentaje":0.75,"votosRecurridosComandoImpugnados":0,"votosRecurridosComandoImpugnadosPorcentaje":0.0}}