{"fechaTotalizacion":"Nov 15, 2021, 2:45:22 AM","estadoRecuento":{"mesasEsperadas":49,"mesasTotalizadas":45,"mesasTotalizadasPorcentaje":91.83,"cantidadElectores":15647,"cantidadVotantes":11421,"participacionPorcentaje":72.99},"valoresTotalizadosPositivos":[{"idAgrupacion":"117","idAgrupacionTelegrama":"501","nombreAgrupacion":"FRENTE DE TODOS","urlLogo":null,"votos":3885,"votosPorcentaje":50.65},{"idAgrupacion":"118","idAgrupacionTelegrama":"502","nombreAgrupacion":"ECO + VAMOS CORRIENTES","urlLogo":null,"votos":3658,"votosPorcentaje":47.69},{"idAgrupacion":"119","idAgrupacionTelegrama":"503","nombreAgrupacion":"VAMOS CON VOS","urlLogo":null,"votos":89,"votosPorcentaje":1.16},{"idAgrupacion":"116","idAgrupacionTelegrama":"82","nombreAgrupacion":"COMPROMISO FEDERAL","urlLogo":null,"votos":38,"votosPorcentaje":0.49}],"valoresTotalizadosOtros":{"votosNulos":245,"votosNulosPorcentaje":2.14,"votosEnBlanco":3492,"votosEnBlancoPorcentaje":30.57,"votosRecurridosComandoImpugnados":14,"votosRecurridosComandoImpugnadosPorcentaje":0.12}}