{"fechaTotalizacion":"Nov 15, 2021, 2:45:22 AM","estadoRecuento":{"mesasEsperadas":3,"mesasTotalizadas":3,"mesasTotalizadasPorcentaje":100.0,"cantidadElectores":873,"cantidadVotantes":590,"participacionPorcentaje":67.58},"valoresTotalizadosPositivos":[{"idAgrupacion":"125","idAgrupacionTelegrama":"501","nombreAgrupacion":"FRENTE DE TODOS","urlLogo":null,"votos":475,"votosPorcentaje":82.32},{"idAgrupacion":"126","idAgrupacionTelegrama":"503","nombreAgrupacion":"CHACO CAMBIA + JUNTOS POR EL CAMBIO","urlLogo":null,"votos":92,"votosPorcentaje":15.94},{"idAgrupacion":"124","idAgrupacionTelegrama":"201","nombreAgrupacion":"FRENTE INTEGRADOR","urlLogo":null,"votos":5,"votosPorcentaje":0.86},{"idAgrupacion":"127","idAgrupacionTelegrama":"504","nombreAgrupacion":"FRENTE VAMOS CON VOS","urlLogo":null,"votos":3,"votosPorcentaje":0.51},{"idAgrupacion":"120","idAgrupacionTelegrama":"71","nombreAgrupacion":"DEL OBRERO","urlLogo":null,"votos":2,"votosPorcentaje":0.34}],"valoresTotalizadosOtros":{"votosNulos":1,"votosNulosPorcentaje":0.16,"votosEnBlanco":12,"votosEnBlancoPorcentaje":2.03,"votosRecurridosComandoImpugnados":0,"votosRecurridosComandoImpugnadosPorcentaje":0.0}}