{"fechaTotalizacion":"Nov 15, 2021, 2:45:22 AM","estadoRecuento":{"mesasEsperadas":5,"mesasTotalizadas":5,"mesasTotalizadasPorcentaje":100.0,"cantidadElectores":1515,"cantidadVotantes":1079,"participacionPorcentaje":71.22},"valoresTotalizadosPositivos":[{"idAgrupacion":"126","idAgrupacionTelegrama":"503","nombreAgrupacion":"CHACO CAMBIA + JUNTOS POR EL CAMBIO","urlLogo":null,"votos":597,"votosPorcentaje":56.42},{"idAgrupacion":"125","idAgrupacionTelegrama":"501","nombreAgrupacion":"FRENTE DE TODOS","urlLogo":null,"votos":375,"votosPorcentaje":35.44},{"idAgrupacion":"124","idAgrupacionTelegrama":"201","nombreAgrupacion":"FRENTE INTEGRADOR","urlLogo":null,"votos":66,"votosPorcentaje":6.23},{"idAgrupacion":"120","idAgrupacionTelegrama":"71","nombreAgrupacion":"DEL OBRERO","urlLogo":null,"votos":12,"votosPorcentaje":1.13},{"idAgrupacion":"127","idAgrupacionTelegrama":"504","nombreAgrupacion":"FRENTE VAMOS CON VOS","urlLogo":null,"votos":8,"votosPorcentaje":0.75}],"valoresTotalizadosOtros":{"votosNulos":4,"votosNulosPorcentaje":0.37,"votosEnBlanco":17,"votosEnBlancoPorcentaje":1.57,"votosRecurridosComandoImpugnados":0,"votosRecurridosComandoImpugnadosPorcentaje":0.0}}