{"fechaTotalizacion":"Nov 15, 2021, 2:45:22 AM","estadoRecuento":{"mesasEsperadas":38,"mesasTotalizadas":38,"mesasTotalizadasPorcentaje":100.0,"cantidadElectores":13014,"cantidadVotantes":8597,"participacionPorcentaje":66.05},"valoresTotalizadosPositivos":[{"idAgrupacion":"126","idAgrupacionTelegrama":"503","nombreAgrupacion":"CHACO CAMBIA + JUNTOS POR EL CAMBIO","urlLogo":null,"votos":4902,"votosPorcentaje":61.18},{"idAgrupacion":"125","idAgrupacionTelegrama":"501","nombreAgrupacion":"FRENTE DE TODOS","urlLogo":null,"votos":2505,"votosPorcentaje":31.26},{"idAgrupacion":"124","idAgrupacionTelegrama":"201","nombreAgrupacion":"FRENTE INTEGRADOR","urlLogo":null,"votos":248,"votosPorcentaje":3.09},{"idAgrupacion":"120","idAgrupacionTelegrama":"71","nombreAgrupacion":"DEL OBRERO","urlLogo":null,"votos":183,"votosPorcentaje":2.28},{"idAgrupacion":"127","idAgrupacionTelegrama":"504","nombreAgrupacion":"FRENTE VAMOS CON VOS","urlLogo":null,"votos":174,"votosPorcentaje":2.17}],"valoresTotalizadosOtros":{"votosNulos":130,"votosNulosPorcentaje":1.51,"votosEnBlanco":455,"votosEnBlancoPorcentaje":5.29,"votosRecurridosComandoImpugnados":0,"votosRecurridosComandoImpugnadosPorcentaje":0.0}}