{"fechaTotalizacion":"Nov 15, 2021, 2:45:22 AM","estadoRecuento":{"mesasEsperadas":47,"mesasTotalizadas":46,"mesasTotalizadasPorcentaje":97.87,"cantidadElectores":15771,"cantidadVotantes":11719,"participacionPorcentaje":74.3},"valoresTotalizadosPositivos":[{"idAgrupacion":"126","idAgrupacionTelegrama":"503","nombreAgrupacion":"CHACO CAMBIA + JUNTOS POR EL CAMBIO","urlLogo":null,"votos":5361,"votosPorcentaje":48.33},{"idAgrupacion":"125","idAgrupacionTelegrama":"501","nombreAgrupacion":"FRENTE DE TODOS","urlLogo":null,"votos":3651,"votosPorcentaje":32.91},{"idAgrupacion":"124","idAgrupacionTelegrama":"201","nombreAgrupacion":"FRENTE INTEGRADOR","urlLogo":null,"votos":1496,"votosPorcentaje":13.48},{"idAgrupacion":"120","idAgrupacionTelegrama":"71","nombreAgrupacion":"DEL OBRERO","urlLogo":null,"votos":369,"votosPorcentaje":3.32},{"idAgrupacion":"127","idAgrupacionTelegrama":"504","nombreAgrupacion":"FRENTE VAMOS CON VOS","urlLogo":null,"votos":214,"votosPorcentaje":1.92}],"valoresTotalizadosOtros":{"votosNulos":169,"votosNulosPorcentaje":1.44,"votosEnBlanco":452,"votosEnBlancoPorcentaje":3.85,"votosRecurridosComandoImpugnados":7,"votosRecurridosComandoImpugnadosPorcentaje":0.05}}