{"fechaTotalizacion":"Nov 15, 2021, 2:45:22 AM","estadoRecuento":{"mesasEsperadas":16,"mesasTotalizadas":16,"mesasTotalizadasPorcentaje":100.0,"cantidadElectores":5418,"cantidadVotantes":3752,"participacionPorcentaje":69.25},"valoresTotalizadosPositivos":[{"idAgrupacion":"125","idAgrupacionTelegrama":"501","nombreAgrupacion":"FRENTE DE TODOS","urlLogo":null,"votos":1871,"votosPorcentaje":53.19},{"idAgrupacion":"126","idAgrupacionTelegrama":"503","nombreAgrupacion":"CHACO CAMBIA + JUNTOS POR EL CAMBIO","urlLogo":null,"votos":1254,"votosPorcentaje":35.65},{"idAgrupacion":"124","idAgrupacionTelegrama":"201","nombreAgrupacion":"FRENTE INTEGRADOR","urlLogo":null,"votos":269,"votosPorcentaje":7.64},{"idAgrupacion":"127","idAgrupacionTelegrama":"504","nombreAgrupacion":"FRENTE VAMOS CON VOS","urlLogo":null,"votos":79,"votosPorcentaje":2.24},{"idAgrupacion":"120","idAgrupacionTelegrama":"71","nombreAgrupacion":"DEL OBRERO","urlLogo":null,"votos":44,"votosPorcentaje":1.25}],"valoresTotalizadosOtros":{"votosNulos":57,"votosNulosPorcentaje":1.51,"votosEnBlanco":168,"votosEnBlancoPorcentaje":4.47,"votosRecurridosComandoImpugnados":10,"votosRecurridosComandoImpugnadosPorcentaje":0.26}}