{"fechaTotalizacion":"Nov 15, 2021, 2:45:22 AM","estadoRecuento":{"mesasEsperadas":84,"mesasTotalizadas":84,"mesasTotalizadasPorcentaje":100.0,"cantidadElectores":29172,"cantidadVotantes":21059,"participacionPorcentaje":72.18},"valoresTotalizadosPositivos":[{"idAgrupacion":"126","idAgrupacionTelegrama":"503","nombreAgrupacion":"CHACO CAMBIA + JUNTOS POR EL CAMBIO","urlLogo":null,"votos":8590,"votosPorcentaje":42.87},{"idAgrupacion":"125","idAgrupacionTelegrama":"501","nombreAgrupacion":"FRENTE DE TODOS","urlLogo":null,"votos":7444,"votosPorcentaje":37.15},{"idAgrupacion":"124","idAgrupacionTelegrama":"201","nombreAgrupacion":"FRENTE INTEGRADOR","urlLogo":null,"votos":2744,"votosPorcentaje":13.69},{"idAgrupacion":"120","idAgrupacionTelegrama":"71","nombreAgrupacion":"DEL OBRERO","urlLogo":null,"votos":632,"votosPorcentaje":3.15},{"idAgrupacion":"127","idAgrupacionTelegrama":"504","nombreAgrupacion":"FRENTE VAMOS CON VOS","urlLogo":null,"votos":623,"votosPorcentaje":3.1}],"valoresTotalizadosOtros":{"votosNulos":336,"votosNulosPorcentaje":1.59,"votosEnBlanco":668,"votosEnBlancoPorcentaje":3.17,"votosRecurridosComandoImpugnados":22,"votosRecurridosComandoImpugnadosPorcentaje":0.1}}