{"fechaTotalizacion":"Nov 15, 2021, 2:45:22 AM","estadoRecuento":{"mesasEsperadas":4,"mesasTotalizadas":4,"mesasTotalizadasPorcentaje":100.0,"cantidadElectores":1327,"cantidadVotantes":778,"participacionPorcentaje":58.62},"valoresTotalizadosPositivos":[{"idAgrupacion":"125","idAgrupacionTelegrama":"501","nombreAgrupacion":"FRENTE DE TODOS","urlLogo":null,"votos":426,"votosPorcentaje":56.79},{"idAgrupacion":"126","idAgrupacionTelegrama":"503","nombreAgrupacion":"CHACO CAMBIA + JUNTOS POR EL CAMBIO","urlLogo":null,"votos":264,"votosPorcentaje":35.19},{"idAgrupacion":"124","idAgrupacionTelegrama":"201","nombreAgrupacion":"FRENTE INTEGRADOR","urlLogo":null,"votos":44,"votosPorcentaje":5.86},{"idAgrupacion":"120","idAgrupacionTelegrama":"71","nombreAgrupacion":"DEL OBRERO","urlLogo":null,"votos":14,"votosPorcentaje":1.86},{"idAgrupacion":"127","idAgrupacionTelegrama":"504","nombreAgrupacion":"FRENTE VAMOS CON VOS","urlLogo":null,"votos":2,"votosPorcentaje":0.26}],"valoresTotalizadosOtros":{"votosNulos":1,"votosNulosPorcentaje":0.12,"votosEnBlanco":27,"votosEnBlancoPorcentaje":3.47,"votosRecurridosComandoImpugnados":0,"votosRecurridosComandoImpugnadosPorcentaje":0.0}}