{"fechaTotalizacion":"Nov 15, 2021, 2:45:22 AM","estadoRecuento":{"mesasEsperadas":34,"mesasTotalizadas":34,"mesasTotalizadasPorcentaje":100.0,"cantidadElectores":11515,"cantidadVotantes":7867,"participacionPorcentaje":68.31},"valoresTotalizadosPositivos":[{"idAgrupacion":"125","idAgrupacionTelegrama":"501","nombreAgrupacion":"FRENTE DE TODOS","urlLogo":null,"votos":4343,"votosPorcentaje":57.76},{"idAgrupacion":"126","idAgrupacionTelegrama":"503","nombreAgrupacion":"CHACO CAMBIA + JUNTOS POR EL CAMBIO","urlLogo":null,"votos":2867,"votosPorcentaje":38.13},{"idAgrupacion":"127","idAgrupacionTelegrama":"504","nombreAgrupacion":"FRENTE VAMOS CON VOS","urlLogo":null,"votos":137,"votosPorcentaje":1.82},{"idAgrupacion":"124","idAgrupacionTelegrama":"201","nombreAgrupacion":"FRENTE INTEGRADOR","urlLogo":null,"votos":93,"votosPorcentaje":1.23},{"idAgrupacion":"120","idAgrupacionTelegrama":"71","nombreAgrupacion":"DEL OBRERO","urlLogo":null,"votos":78,"votosPorcentaje":1.03}],"valoresTotalizadosOtros":{"votosNulos":106,"votosNulosPorcentaje":1.34,"votosEnBlanco":237,"votosEnBlancoPorcentaje":3.01,"votosRecurridosComandoImpugnados":6,"votosRecurridosComandoImpugnadosPorcentaje":0.07}}