{"fechaTotalizacion":"Nov 15, 2021, 2:45:22 AM","estadoRecuento":{"mesasEsperadas":30,"mesasTotalizadas":30,"mesasTotalizadasPorcentaje":100.0,"cantidadElectores":10391,"cantidadVotantes":7333,"participacionPorcentaje":70.57},"valoresTotalizadosPositivos":[{"idAgrupacion":"135","idAgrupacionTelegrama":"503","nombreAgrupacion":"JUNTOS POR EL CAMBIO CHUBUT","urlLogo":null,"votos":3521,"votosPorcentaje":50.32},{"idAgrupacion":"134","idAgrupacionTelegrama":"501","nombreAgrupacion":"FRENTE DE TODOS","urlLogo":null,"votos":1756,"votosPorcentaje":25.1},{"idAgrupacion":"132","idAgrupacionTelegrama":"151","nombreAgrupacion":"INDEPENDIENTE DEL CHUBUT","urlLogo":null,"votos":885,"votosPorcentaje":12.65},{"idAgrupacion":"133","idAgrupacionTelegrama":"160","nombreAgrupacion":"CHUBUT SOMOS TODOS","urlLogo":null,"votos":442,"votosPorcentaje":6.31},{"idAgrupacion":"136","idAgrupacionTelegrama":"504","nombreAgrupacion":"FRENTE DE IZQUIERDA Y DE TRABAJADORES - UNIDAD","urlLogo":null,"votos":392,"votosPorcentaje":5.6}],"valoresTotalizadosOtros":{"votosNulos":205,"votosNulosPorcentaje":2.79,"votosEnBlanco":131,"votosEnBlancoPorcentaje":1.78,"votosRecurridosComandoImpugnados":1,"votosRecurridosComandoImpugnadosPorcentaje":0.01}}