{"fechaTotalizacion":"Nov 15, 2021, 2:45:22 AM","estadoRecuento":{"mesasEsperadas":35,"mesasTotalizadas":35,"mesasTotalizadasPorcentaje":100.0,"cantidadElectores":12052,"cantidadVotantes":8237,"participacionPorcentaje":68.34},"valoresTotalizadosPositivos":[{"idAgrupacion":"135","idAgrupacionTelegrama":"503","nombreAgrupacion":"JUNTOS POR EL CAMBIO CHUBUT","urlLogo":null,"votos":3702,"votosPorcentaje":48.57},{"idAgrupacion":"134","idAgrupacionTelegrama":"501","nombreAgrupacion":"FRENTE DE TODOS","urlLogo":null,"votos":1844,"votosPorcentaje":24.19},{"idAgrupacion":"132","idAgrupacionTelegrama":"151","nombreAgrupacion":"INDEPENDIENTE DEL CHUBUT","urlLogo":null,"votos":814,"votosPorcentaje":10.68},{"idAgrupacion":"136","idAgrupacionTelegrama":"504","nombreAgrupacion":"FRENTE DE IZQUIERDA Y DE TRABAJADORES - UNIDAD","urlLogo":null,"votos":768,"votosPorcentaje":10.07},{"idAgrupacion":"133","idAgrupacionTelegrama":"160","nombreAgrupacion":"CHUBUT SOMOS TODOS","urlLogo":null,"votos":493,"votosPorcentaje":6.46}],"valoresTotalizadosOtros":{"votosNulos":318,"votosNulosPorcentaje":3.86,"votosEnBlanco":296,"votosEnBlancoPorcentaje":3.59,"votosRecurridosComandoImpugnados":2,"votosRecurridosComandoImpugnadosPorcentaje":0.02}}