{"fechaTotalizacion":"Nov 15, 2021, 2:45:22 AM","estadoRecuento":{"mesasEsperadas":10,"mesasTotalizadas":10,"mesasTotalizadasPorcentaje":100.0,"cantidadElectores":3262,"cantidadVotantes":2309,"participacionPorcentaje":70.78},"valoresTotalizadosPositivos":[{"idAgrupacion":"135","idAgrupacionTelegrama":"503","nombreAgrupacion":"JUNTOS POR EL CAMBIO CHUBUT","urlLogo":null,"votos":942,"votosPorcentaje":45.59},{"idAgrupacion":"134","idAgrupacionTelegrama":"501","nombreAgrupacion":"FRENTE DE TODOS","urlLogo":null,"votos":377,"votosPorcentaje":18.24},{"idAgrupacion":"132","idAgrupacionTelegrama":"151","nombreAgrupacion":"INDEPENDIENTE DEL CHUBUT","urlLogo":null,"votos":302,"votosPorcentaje":14.61},{"idAgrupacion":"133","idAgrupacionTelegrama":"160","nombreAgrupacion":"CHUBUT SOMOS TODOS","urlLogo":null,"votos":251,"votosPorcentaje":12.14},{"idAgrupacion":"136","idAgrupacionTelegrama":"504","nombreAgrupacion":"FRENTE DE IZQUIERDA Y DE TRABAJADORES - UNIDAD","urlLogo":null,"votos":194,"votosPorcentaje":9.39}],"valoresTotalizadosOtros":{"votosNulos":126,"votosNulosPorcentaje":5.45,"votosEnBlanco":113,"votosEnBlancoPorcentaje":4.89,"votosRecurridosComandoImpugnados":4,"votosRecurridosComandoImpugnadosPorcentaje":0.17}}