{"fechaTotalizacion":"Nov 15, 2021, 2:45:22 AM","estadoRecuento":{"mesasEsperadas":14,"mesasTotalizadas":14,"mesasTotalizadasPorcentaje":100.0,"cantidadElectores":4854,"cantidadVotantes":3151,"participacionPorcentaje":64.91},"valoresTotalizadosPositivos":[{"idAgrupacion":"135","idAgrupacionTelegrama":"503","nombreAgrupacion":"JUNTOS POR EL CAMBIO CHUBUT","urlLogo":null,"votos":1303,"votosPorcentaje":44.79},{"idAgrupacion":"134","idAgrupacionTelegrama":"501","nombreAgrupacion":"FRENTE DE TODOS","urlLogo":null,"votos":733,"votosPorcentaje":25.19},{"idAgrupacion":"132","idAgrupacionTelegrama":"151","nombreAgrupacion":"INDEPENDIENTE DEL CHUBUT","urlLogo":null,"votos":359,"votosPorcentaje":12.34},{"idAgrupacion":"133","idAgrupacionTelegrama":"160","nombreAgrupacion":"CHUBUT SOMOS TODOS","urlLogo":null,"votos":264,"votosPorcentaje":9.07},{"idAgrupacion":"136","idAgrupacionTelegrama":"504","nombreAgrupacion":"FRENTE DE IZQUIERDA Y DE TRABAJADORES - UNIDAD","urlLogo":null,"votos":250,"votosPorcentaje":8.59}],"valoresTotalizadosOtros":{"votosNulos":149,"votosNulosPorcentaje":4.72,"votosEnBlanco":85,"votosEnBlancoPorcentaje":2.69,"votosRecurridosComandoImpugnados":8,"votosRecurridosComandoImpugnadosPorcentaje":0.25}}