{"fechaTotalizacion":"Nov 15, 2021, 2:45:22 AM","estadoRecuento":{"mesasEsperadas":10,"mesasTotalizadas":9,"mesasTotalizadasPorcentaje":90.0,"cantidadElectores":3043,"cantidadVotantes":2047,"participacionPorcentaje":67.26},"valoresTotalizadosPositivos":[{"idAgrupacion":"135","idAgrupacionTelegrama":"503","nombreAgrupacion":"JUNTOS POR EL CAMBIO CHUBUT","urlLogo":null,"votos":843,"votosPorcentaje":43.9},{"idAgrupacion":"134","idAgrupacionTelegrama":"501","nombreAgrupacion":"FRENTE DE TODOS","urlLogo":null,"votos":417,"votosPorcentaje":21.71},{"idAgrupacion":"132","idAgrupacionTelegrama":"151","nombreAgrupacion":"INDEPENDIENTE DEL CHUBUT","urlLogo":null,"votos":256,"votosPorcentaje":13.33},{"idAgrupacion":"136","idAgrupacionTelegrama":"504","nombreAgrupacion":"FRENTE DE IZQUIERDA Y DE TRABAJADORES - UNIDAD","urlLogo":null,"votos":204,"votosPorcentaje":10.62},{"idAgrupacion":"133","idAgrupacionTelegrama":"160","nombreAgrupacion":"CHUBUT SOMOS TODOS","urlLogo":null,"votos":200,"votosPorcentaje":10.41}],"valoresTotalizadosOtros":{"votosNulos":60,"votosNulosPorcentaje":2.93,"votosEnBlanco":62,"votosEnBlancoPorcentaje":3.02,"votosRecurridosComandoImpugnados":5,"votosRecurridosComandoImpugnadosPorcentaje":0.24}}