{"fechaTotalizacion":"Nov 15, 2021, 2:45:22 AM","estadoRecuento":{"mesasEsperadas":2,"mesasTotalizadas":2,"mesasTotalizadasPorcentaje":100.0,"cantidadElectores":651,"cantidadVotantes":483,"participacionPorcentaje":74.19},"valoresTotalizadosPositivos":[{"idAgrupacion":"135","idAgrupacionTelegrama":"503","nombreAgrupacion":"JUNTOS POR EL CAMBIO CHUBUT","urlLogo":null,"votos":259,"votosPorcentaje":56.06},{"idAgrupacion":"134","idAgrupacionTelegrama":"501","nombreAgrupacion":"FRENTE DE TODOS","urlLogo":null,"votos":82,"votosPorcentaje":17.74},{"idAgrupacion":"136","idAgrupacionTelegrama":"504","nombreAgrupacion":"FRENTE DE IZQUIERDA Y DE TRABAJADORES - UNIDAD","urlLogo":null,"votos":43,"votosPorcentaje":9.3},{"idAgrupacion":"133","idAgrupacionTelegrama":"160","nombreAgrupacion":"CHUBUT SOMOS TODOS","urlLogo":null,"votos":39,"votosPorcentaje":8.44},{"idAgrupacion":"132","idAgrupacionTelegrama":"151","nombreAgrupacion":"INDEPENDIENTE DEL CHUBUT","urlLogo":null,"votos":39,"votosPorcentaje":8.44}],"valoresTotalizadosOtros":{"votosNulos":11,"votosNulosPorcentaje":2.27,"votosEnBlanco":10,"votosEnBlancoPorcentaje":2.07,"votosRecurridosComandoImpugnados":0,"votosRecurridosComandoImpugnadosPorcentaje":0.0}}