{"fechaTotalizacion":"Nov 15, 2021, 2:45:22 AM","estadoRecuento":{"mesasEsperadas":14,"mesasTotalizadas":14,"mesasTotalizadasPorcentaje":100.0,"cantidadElectores":4699,"cantidadVotantes":3520,"participacionPorcentaje":74.9},"valoresTotalizadosPositivos":[{"idAgrupacion":"134","idAgrupacionTelegrama":"501","nombreAgrupacion":"FRENTE DE TODOS","urlLogo":null,"votos":972,"votosPorcentaje":30.09},{"idAgrupacion":"135","idAgrupacionTelegrama":"503","nombreAgrupacion":"JUNTOS POR EL CAMBIO CHUBUT","urlLogo":null,"votos":855,"votosPorcentaje":26.47},{"idAgrupacion":"132","idAgrupacionTelegrama":"151","nombreAgrupacion":"INDEPENDIENTE DEL CHUBUT","urlLogo":null,"votos":646,"votosPorcentaje":20.0},{"idAgrupacion":"133","idAgrupacionTelegrama":"160","nombreAgrupacion":"CHUBUT SOMOS TODOS","urlLogo":null,"votos":425,"votosPorcentaje":13.15},{"idAgrupacion":"136","idAgrupacionTelegrama":"504","nombreAgrupacion":"FRENTE DE IZQUIERDA Y DE TRABAJADORES - UNIDAD","urlLogo":null,"votos":332,"votosPorcentaje":10.27}],"valoresTotalizadosOtros":{"votosNulos":184,"votosNulosPorcentaje":5.22,"votosEnBlanco":106,"votosEnBlancoPorcentaje":3.01,"votosRecurridosComandoImpugnados":0,"votosRecurridosComandoImpugnadosPorcentaje":0.0}}