{"fechaTotalizacion":"Nov 15, 2021, 2:45:22 AM","estadoRecuento":{"mesasEsperadas":24,"mesasTotalizadas":24,"mesasTotalizadasPorcentaje":100.0,"cantidadElectores":8290,"cantidadVotantes":5979,"participacionPorcentaje":72.12},"valoresTotalizadosPositivos":[{"idAgrupacion":"143","idAgrupacionTelegrama":"502","nombreAgrupacion":"JUNTOS POR ENTRE RÍOS","urlLogo":null,"votos":2513,"votosPorcentaje":46.14},{"idAgrupacion":"142","idAgrupacionTelegrama":"501","nombreAgrupacion":"FRENTE DE TODOS","urlLogo":null,"votos":2479,"votosPorcentaje":45.51},{"idAgrupacion":"140","idAgrupacionTelegrama":"186","nombreAgrupacion":"CONSERVADOR POPULAR","urlLogo":null,"votos":129,"votosPorcentaje":2.36},{"idAgrupacion":"138","idAgrupacionTelegrama":"68","nombreAgrupacion":"NUEVA IZQUIERDA","urlLogo":null,"votos":103,"votosPorcentaje":1.89},{"idAgrupacion":"141","idAgrupacionTelegrama":"194","nombreAgrupacion":"MOVIMIENTO AL SOCIALISMO","urlLogo":null,"votos":83,"votosPorcentaje":1.52},{"idAgrupacion":"137","idAgrupacionTelegrama":"50","nombreAgrupacion":"SOCIALISTA","urlLogo":null,"votos":71,"votosPorcentaje":1.3},{"idAgrupacion":"139","idAgrupacionTelegrama":"77","nombreAgrupacion":"FE","urlLogo":null,"votos":68,"votosPorcentaje":1.24}],"valoresTotalizadosOtros":{"votosNulos":287,"votosNulosPorcentaje":4.8,"votosEnBlanco":245,"votosEnBlancoPorcentaje":4.09,"votosRecurridosComandoImpugnados":1,"votosRecurridosComandoImpugnadosPorcentaje":0.01}}