{"fechaTotalizacion":"Nov 15, 2021, 2:45:22 AM","estadoRecuento":{"mesasEsperadas":2,"mesasTotalizadas":2,"mesasTotalizadasPorcentaje":100.0,"cantidadElectores":440,"cantidadVotantes":305,"participacionPorcentaje":69.31},"valoresTotalizadosPositivos":[{"idAgrupacion":"143","idAgrupacionTelegrama":"502","nombreAgrupacion":"JUNTOS POR ENTRE RÍOS","urlLogo":null,"votos":209,"votosPorcentaje":70.37},{"idAgrupacion":"142","idAgrupacionTelegrama":"501","nombreAgrupacion":"FRENTE DE TODOS","urlLogo":null,"votos":70,"votosPorcentaje":23.56},{"idAgrupacion":"140","idAgrupacionTelegrama":"186","nombreAgrupacion":"CONSERVADOR POPULAR","urlLogo":null,"votos":7,"votosPorcentaje":2.35},{"idAgrupacion":"138","idAgrupacionTelegrama":"68","nombreAgrupacion":"NUEVA IZQUIERDA","urlLogo":null,"votos":5,"votosPorcentaje":1.68},{"idAgrupacion":"139","idAgrupacionTelegrama":"77","nombreAgrupacion":"FE","urlLogo":null,"votos":3,"votosPorcentaje":1.01},{"idAgrupacion":"137","idAgrupacionTelegrama":"50","nombreAgrupacion":"SOCIALISTA","urlLogo":null,"votos":3,"votosPorcentaje":1.01},{"idAgrupacion":"141","idAgrupacionTelegrama":"194","nombreAgrupacion":"MOVIMIENTO AL SOCIALISMO","urlLogo":null,"votos":0,"votosPorcentaje":0.0}],"valoresTotalizadosOtros":{"votosNulos":5,"votosNulosPorcentaje":1.63,"votosEnBlanco":3,"votosEnBlancoPorcentaje":0.98,"votosRecurridosComandoImpugnados":0,"votosRecurridosComandoImpugnadosPorcentaje":0.0}}