{"fechaTotalizacion":"Nov 15, 2021, 2:45:22 AM","estadoRecuento":{"mesasEsperadas":11,"mesasTotalizadas":11,"mesasTotalizadasPorcentaje":100.0,"cantidadElectores":3811,"cantidadVotantes":2850,"participacionPorcentaje":74.78},"valoresTotalizadosPositivos":[{"idAgrupacion":"143","idAgrupacionTelegrama":"502","nombreAgrupacion":"JUNTOS POR ENTRE RÍOS","urlLogo":null,"votos":1127,"votosPorcentaje":41.83},{"idAgrupacion":"142","idAgrupacionTelegrama":"501","nombreAgrupacion":"FRENTE DE TODOS","urlLogo":null,"votos":828,"votosPorcentaje":30.73},{"idAgrupacion":"139","idAgrupacionTelegrama":"77","nombreAgrupacion":"FE","urlLogo":null,"votos":258,"votosPorcentaje":9.57},{"idAgrupacion":"140","idAgrupacionTelegrama":"186","nombreAgrupacion":"CONSERVADOR POPULAR","urlLogo":null,"votos":219,"votosPorcentaje":8.12},{"idAgrupacion":"138","idAgrupacionTelegrama":"68","nombreAgrupacion":"NUEVA IZQUIERDA","urlLogo":null,"votos":117,"votosPorcentaje":4.34},{"idAgrupacion":"137","idAgrupacionTelegrama":"50","nombreAgrupacion":"SOCIALISTA","urlLogo":null,"votos":95,"votosPorcentaje":3.52},{"idAgrupacion":"141","idAgrupacionTelegrama":"194","nombreAgrupacion":"MOVIMIENTO AL SOCIALISMO","urlLogo":null,"votos":50,"votosPorcentaje":1.85}],"valoresTotalizadosOtros":{"votosNulos":124,"votosNulosPorcentaje":4.35,"votosEnBlanco":26,"votosEnBlancoPorcentaje":0.91,"votosRecurridosComandoImpugnados":6,"votosRecurridosComandoImpugnadosPorcentaje":0.21}}