{"fechaTotalizacion":"Nov 15, 2021, 2:45:22 AM","estadoRecuento":{"mesasEsperadas":84,"mesasTotalizadas":84,"mesasTotalizadasPorcentaje":100.0,"cantidadElectores":29176,"cantidadVotantes":22425,"participacionPorcentaje":76.86},"valoresTotalizadosPositivos":[{"idAgrupacion":"143","idAgrupacionTelegrama":"502","nombreAgrupacion":"JUNTOS POR ENTRE RÍOS","urlLogo":null,"votos":13416,"votosPorcentaje":62.64},{"idAgrupacion":"142","idAgrupacionTelegrama":"501","nombreAgrupacion":"FRENTE DE TODOS","urlLogo":null,"votos":5244,"votosPorcentaje":24.48},{"idAgrupacion":"140","idAgrupacionTelegrama":"186","nombreAgrupacion":"CONSERVADOR POPULAR","urlLogo":null,"votos":852,"votosPorcentaje":3.97},{"idAgrupacion":"138","idAgrupacionTelegrama":"68","nombreAgrupacion":"NUEVA IZQUIERDA","urlLogo":null,"votos":786,"votosPorcentaje":3.66},{"idAgrupacion":"139","idAgrupacionTelegrama":"77","nombreAgrupacion":"FE","urlLogo":null,"votos":428,"votosPorcentaje":1.99},{"idAgrupacion":"141","idAgrupacionTelegrama":"194","nombreAgrupacion":"MOVIMIENTO AL SOCIALISMO","urlLogo":null,"votos":349,"votosPorcentaje":1.62},{"idAgrupacion":"137","idAgrupacionTelegrama":"50","nombreAgrupacion":"SOCIALISTA","urlLogo":null,"votos":342,"votosPorcentaje":1.59}],"valoresTotalizadosOtros":{"votosNulos":677,"votosNulosPorcentaje":3.01,"votosEnBlanco":323,"votosEnBlancoPorcentaje":1.44,"votosRecurridosComandoImpugnados":8,"votosRecurridosComandoImpugnadosPorcentaje":0.03}}