{"fechaTotalizacion":"Nov 15, 2021, 2:45:22 AM","estadoRecuento":{"mesasEsperadas":29,"mesasTotalizadas":29,"mesasTotalizadasPorcentaje":100.0,"cantidadElectores":10124,"cantidadVotantes":7467,"participacionPorcentaje":73.75},"valoresTotalizadosPositivos":[{"idAgrupacion":"143","idAgrupacionTelegrama":"502","nombreAgrupacion":"JUNTOS POR ENTRE RÍOS","urlLogo":null,"votos":4499,"votosPorcentaje":62.4},{"idAgrupacion":"142","idAgrupacionTelegrama":"501","nombreAgrupacion":"FRENTE DE TODOS","urlLogo":null,"votos":1275,"votosPorcentaje":17.68},{"idAgrupacion":"138","idAgrupacionTelegrama":"68","nombreAgrupacion":"NUEVA IZQUIERDA","urlLogo":null,"votos":513,"votosPorcentaje":7.11},{"idAgrupacion":"139","idAgrupacionTelegrama":"77","nombreAgrupacion":"FE","urlLogo":null,"votos":298,"votosPorcentaje":4.13},{"idAgrupacion":"140","idAgrupacionTelegrama":"186","nombreAgrupacion":"CONSERVADOR POPULAR","urlLogo":null,"votos":297,"votosPorcentaje":4.11},{"idAgrupacion":"137","idAgrupacionTelegrama":"50","nombreAgrupacion":"SOCIALISTA","urlLogo":null,"votos":235,"votosPorcentaje":3.25},{"idAgrupacion":"141","idAgrupacionTelegrama":"194","nombreAgrupacion":"MOVIMIENTO AL SOCIALISMO","urlLogo":null,"votos":92,"votosPorcentaje":1.27}],"valoresTotalizadosOtros":{"votosNulos":150,"votosNulosPorcentaje":2.0,"votosEnBlanco":108,"votosEnBlancoPorcentaje":1.44,"votosRecurridosComandoImpugnados":0,"votosRecurridosComandoImpugnadosPorcentaje":0.0}}