{"fechaTotalizacion":"Nov 15, 2021, 2:45:22 AM","estadoRecuento":{"mesasEsperadas":6,"mesasTotalizadas":6,"mesasTotalizadasPorcentaje":100.0,"cantidadElectores":1766,"cantidadVotantes":1438,"participacionPorcentaje":81.42},"valoresTotalizadosPositivos":[{"idAgrupacion":"142","idAgrupacionTelegrama":"501","nombreAgrupacion":"FRENTE DE TODOS","urlLogo":null,"votos":636,"votosPorcentaje":46.55},{"idAgrupacion":"143","idAgrupacionTelegrama":"502","nombreAgrupacion":"JUNTOS POR ENTRE RÍOS","urlLogo":null,"votos":557,"votosPorcentaje":40.77},{"idAgrupacion":"140","idAgrupacionTelegrama":"186","nombreAgrupacion":"CONSERVADOR POPULAR","urlLogo":null,"votos":54,"votosPorcentaje":3.95},{"idAgrupacion":"138","idAgrupacionTelegrama":"68","nombreAgrupacion":"NUEVA IZQUIERDA","urlLogo":null,"votos":41,"votosPorcentaje":3.0},{"idAgrupacion":"139","idAgrupacionTelegrama":"77","nombreAgrupacion":"FE","urlLogo":null,"votos":29,"votosPorcentaje":2.12},{"idAgrupacion":"141","idAgrupacionTelegrama":"194","nombreAgrupacion":"MOVIMIENTO AL SOCIALISMO","urlLogo":null,"votos":26,"votosPorcentaje":1.9},{"idAgrupacion":"137","idAgrupacionTelegrama":"50","nombreAgrupacion":"SOCIALISTA","urlLogo":null,"votos":23,"votosPorcentaje":1.68}],"valoresTotalizadosOtros":{"votosNulos":49,"votosNulosPorcentaje":3.4,"votosEnBlanco":23,"votosEnBlancoPorcentaje":1.59,"votosRecurridosComandoImpugnados":0,"votosRecurridosComandoImpugnadosPorcentaje":0.0}}