{"fechaTotalizacion":"Nov 15, 2021, 2:45:22 AM","estadoRecuento":{"mesasEsperadas":45,"mesasTotalizadas":45,"mesasTotalizadasPorcentaje":100.0,"cantidadElectores":15589,"cantidadVotantes":12701,"participacionPorcentaje":81.47},"valoresTotalizadosPositivos":[{"idAgrupacion":"143","idAgrupacionTelegrama":"502","nombreAgrupacion":"JUNTOS POR ENTRE RÍOS","urlLogo":null,"votos":6332,"votosPorcentaje":52.17},{"idAgrupacion":"142","idAgrupacionTelegrama":"501","nombreAgrupacion":"FRENTE DE TODOS","urlLogo":null,"votos":3911,"votosPorcentaje":32.22},{"idAgrupacion":"138","idAgrupacionTelegrama":"68","nombreAgrupacion":"NUEVA IZQUIERDA","urlLogo":null,"votos":598,"votosPorcentaje":4.92},{"idAgrupacion":"140","idAgrupacionTelegrama":"186","nombreAgrupacion":"CONSERVADOR POPULAR","urlLogo":null,"votos":451,"votosPorcentaje":3.71},{"idAgrupacion":"139","idAgrupacionTelegrama":"77","nombreAgrupacion":"FE","urlLogo":null,"votos":347,"votosPorcentaje":2.85},{"idAgrupacion":"137","idAgrupacionTelegrama":"50","nombreAgrupacion":"SOCIALISTA","urlLogo":null,"votos":252,"votosPorcentaje":2.07},{"idAgrupacion":"141","idAgrupacionTelegrama":"194","nombreAgrupacion":"MOVIMIENTO AL SOCIALISMO","urlLogo":null,"votos":246,"votosPorcentaje":2.02}],"valoresTotalizadosOtros":{"votosNulos":384,"votosNulosPorcentaje":3.02,"votosEnBlanco":176,"votosEnBlancoPorcentaje":1.38,"votosRecurridosComandoImpugnados":4,"votosRecurridosComandoImpugnadosPorcentaje":0.03}}