{"fechaTotalizacion":"Nov 15, 2021, 2:45:22 AM","estadoRecuento":{"mesasEsperadas":2,"mesasTotalizadas":2,"mesasTotalizadasPorcentaje":100.0,"cantidadElectores":603,"cantidadVotantes":420,"participacionPorcentaje":69.65},"valoresTotalizadosPositivos":[{"idAgrupacion":"143","idAgrupacionTelegrama":"502","nombreAgrupacion":"JUNTOS POR ENTRE RÍOS","urlLogo":null,"votos":217,"votosPorcentaje":55.35},{"idAgrupacion":"142","idAgrupacionTelegrama":"501","nombreAgrupacion":"FRENTE DE TODOS","urlLogo":null,"votos":126,"votosPorcentaje":32.14},{"idAgrupacion":"141","idAgrupacionTelegrama":"194","nombreAgrupacion":"MOVIMIENTO AL SOCIALISMO","urlLogo":null,"votos":12,"votosPorcentaje":3.06},{"idAgrupacion":"138","idAgrupacionTelegrama":"68","nombreAgrupacion":"NUEVA IZQUIERDA","urlLogo":null,"votos":11,"votosPorcentaje":2.8},{"idAgrupacion":"137","idAgrupacionTelegrama":"50","nombreAgrupacion":"SOCIALISTA","urlLogo":null,"votos":11,"votosPorcentaje":2.8},{"idAgrupacion":"140","idAgrupacionTelegrama":"186","nombreAgrupacion":"CONSERVADOR POPULAR","urlLogo":null,"votos":10,"votosPorcentaje":2.55},{"idAgrupacion":"139","idAgrupacionTelegrama":"77","nombreAgrupacion":"FE","urlLogo":null,"votos":5,"votosPorcentaje":1.27}],"valoresTotalizadosOtros":{"votosNulos":19,"votosNulosPorcentaje":4.52,"votosEnBlanco":9,"votosEnBlancoPorcentaje":2.14,"votosRecurridosComandoImpugnados":0,"votosRecurridosComandoImpugnadosPorcentaje":0.0}}