{"fechaTotalizacion":"Nov 15, 2021, 2:45:22 AM","estadoRecuento":{"mesasEsperadas":16,"mesasTotalizadas":16,"mesasTotalizadasPorcentaje":100.0,"cantidadElectores":5427,"cantidadVotantes":4344,"participacionPorcentaje":80.04},"valoresTotalizadosPositivos":[{"idAgrupacion":"143","idAgrupacionTelegrama":"502","nombreAgrupacion":"JUNTOS POR ENTRE RÍOS","urlLogo":null,"votos":2148,"votosPorcentaje":51.79},{"idAgrupacion":"142","idAgrupacionTelegrama":"501","nombreAgrupacion":"FRENTE DE TODOS","urlLogo":null,"votos":900,"votosPorcentaje":21.7},{"idAgrupacion":"139","idAgrupacionTelegrama":"77","nombreAgrupacion":"FE","urlLogo":null,"votos":330,"votosPorcentaje":7.95},{"idAgrupacion":"140","idAgrupacionTelegrama":"186","nombreAgrupacion":"CONSERVADOR POPULAR","urlLogo":null,"votos":296,"votosPorcentaje":7.13},{"idAgrupacion":"138","idAgrupacionTelegrama":"68","nombreAgrupacion":"NUEVA IZQUIERDA","urlLogo":null,"votos":249,"votosPorcentaje":6.0},{"idAgrupacion":"137","idAgrupacionTelegrama":"50","nombreAgrupacion":"SOCIALISTA","urlLogo":null,"votos":153,"votosPorcentaje":3.68},{"idAgrupacion":"141","idAgrupacionTelegrama":"194","nombreAgrupacion":"MOVIMIENTO AL SOCIALISMO","urlLogo":null,"votos":71,"votosPorcentaje":1.71}],"valoresTotalizadosOtros":{"votosNulos":150,"votosNulosPorcentaje":3.45,"votosEnBlanco":45,"votosEnBlancoPorcentaje":1.03,"votosRecurridosComandoImpugnados":2,"votosRecurridosComandoImpugnadosPorcentaje":0.04}}