{"fechaTotalizacion":"Nov 15, 2021, 2:45:22 AM","estadoRecuento":{"mesasEsperadas":16,"mesasTotalizadas":16,"mesasTotalizadasPorcentaje":100.0,"cantidadElectores":5530,"cantidadVotantes":4241,"participacionPorcentaje":76.69},"valoresTotalizadosPositivos":[{"idAgrupacion":"143","idAgrupacionTelegrama":"502","nombreAgrupacion":"JUNTOS POR ENTRE RÍOS","urlLogo":null,"votos":2075,"votosPorcentaje":50.75},{"idAgrupacion":"142","idAgrupacionTelegrama":"501","nombreAgrupacion":"FRENTE DE TODOS","urlLogo":null,"votos":1484,"votosPorcentaje":36.3},{"idAgrupacion":"138","idAgrupacionTelegrama":"68","nombreAgrupacion":"NUEVA IZQUIERDA","urlLogo":null,"votos":158,"votosPorcentaje":3.86},{"idAgrupacion":"140","idAgrupacionTelegrama":"186","nombreAgrupacion":"CONSERVADOR POPULAR","urlLogo":null,"votos":157,"votosPorcentaje":3.84},{"idAgrupacion":"141","idAgrupacionTelegrama":"194","nombreAgrupacion":"MOVIMIENTO AL SOCIALISMO","urlLogo":null,"votos":73,"votosPorcentaje":1.78},{"idAgrupacion":"137","idAgrupacionTelegrama":"50","nombreAgrupacion":"SOCIALISTA","urlLogo":null,"votos":73,"votosPorcentaje":1.78},{"idAgrupacion":"139","idAgrupacionTelegrama":"77","nombreAgrupacion":"FE","urlLogo":null,"votos":68,"votosPorcentaje":1.66}],"valoresTotalizadosOtros":{"votosNulos":118,"votosNulosPorcentaje":2.78,"votosEnBlanco":35,"votosEnBlancoPorcentaje":0.82,"votosRecurridosComandoImpugnados":0,"votosRecurridosComandoImpugnadosPorcentaje":0.0}}