{"fechaTotalizacion":"Nov 15, 2021, 2:45:22 AM","estadoRecuento":{"mesasEsperadas":19,"mesasTotalizadas":19,"mesasTotalizadasPorcentaje":100.0,"cantidadElectores":6460,"cantidadVotantes":5180,"participacionPorcentaje":80.18},"valoresTotalizadosPositivos":[{"idAgrupacion":"143","idAgrupacionTelegrama":"502","nombreAgrupacion":"JUNTOS POR ENTRE RÍOS","urlLogo":null,"votos":2799,"votosPorcentaje":57.29},{"idAgrupacion":"142","idAgrupacionTelegrama":"501","nombreAgrupacion":"FRENTE DE TODOS","urlLogo":null,"votos":1447,"votosPorcentaje":29.62},{"idAgrupacion":"138","idAgrupacionTelegrama":"68","nombreAgrupacion":"NUEVA IZQUIERDA","urlLogo":null,"votos":270,"votosPorcentaje":5.52},{"idAgrupacion":"140","idAgrupacionTelegrama":"186","nombreAgrupacion":"CONSERVADOR POPULAR","urlLogo":null,"votos":140,"votosPorcentaje":2.86},{"idAgrupacion":"141","idAgrupacionTelegrama":"194","nombreAgrupacion":"MOVIMIENTO AL SOCIALISMO","urlLogo":null,"votos":81,"votosPorcentaje":1.65},{"idAgrupacion":"139","idAgrupacionTelegrama":"77","nombreAgrupacion":"FE","urlLogo":null,"votos":74,"votosPorcentaje":1.51},{"idAgrupacion":"137","idAgrupacionTelegrama":"50","nombreAgrupacion":"SOCIALISTA","urlLogo":null,"votos":74,"votosPorcentaje":1.51}],"valoresTotalizadosOtros":{"votosNulos":138,"votosNulosPorcentaje":2.66,"votosEnBlanco":157,"votosEnBlancoPorcentaje":3.03,"votosRecurridosComandoImpugnados":0,"votosRecurridosComandoImpugnadosPorcentaje":0.0}}