{"fechaTotalizacion":"Nov 15, 2021, 2:45:22 AM","estadoRecuento":{"mesasEsperadas":1,"mesasTotalizadas":1,"mesasTotalizadasPorcentaje":100.0,"cantidadElectores":78,"cantidadVotantes":47,"participacionPorcentaje":60.25},"valoresTotalizadosPositivos":[{"idAgrupacion":"145","idAgrupacionTelegrama":"501","nombreAgrupacion":"FRENTE DE TODOS","urlLogo":null,"votos":26,"votosPorcentaje":57.77},{"idAgrupacion":"146","idAgrupacionTelegrama":"502","nombreAgrupacion":"JUNTOS POR FORMOSA LIBRE","urlLogo":null,"votos":16,"votosPorcentaje":35.55},{"idAgrupacion":"144","idAgrupacionTelegrama":"212","nombreAgrupacion":"PRINCIPIOS Y CONVICCIÓN","urlLogo":null,"votos":3,"votosPorcentaje":6.66}],"valoresTotalizadosOtros":{"votosNulos":0,"votosNulosPorcentaje":0.0,"votosEnBlanco":1,"votosEnBlancoPorcentaje":2.12,"votosRecurridosComandoImpugnados":1,"votosRecurridosComandoImpugnadosPorcentaje":2.12}}