{"fechaTotalizacion":"Nov 15, 2021, 2:45:22 AM","estadoRecuento":{"mesasEsperadas":4,"mesasTotalizadas":4,"mesasTotalizadasPorcentaje":100.0,"cantidadElectores":1340,"cantidadVotantes":1140,"participacionPorcentaje":85.07},"valoresTotalizadosPositivos":[{"idAgrupacion":"145","idAgrupacionTelegrama":"501","nombreAgrupacion":"FRENTE DE TODOS","urlLogo":null,"votos":839,"votosPorcentaje":77.54},{"idAgrupacion":"146","idAgrupacionTelegrama":"502","nombreAgrupacion":"JUNTOS POR FORMOSA LIBRE","urlLogo":null,"votos":243,"votosPorcentaje":22.45},{"idAgrupacion":"144","idAgrupacionTelegrama":"212","nombreAgrupacion":"PRINCIPIOS Y CONVICCIÓN","urlLogo":null,"votos":0,"votosPorcentaje":0.0}],"valoresTotalizadosOtros":{"votosNulos":11,"votosNulosPorcentaje":0.96,"votosEnBlanco":45,"votosEnBlancoPorcentaje":3.94,"votosRecurridosComandoImpugnados":2,"votosRecurridosComandoImpugnadosPorcentaje":0.17}}