{"fechaTotalizacion":"Nov 15, 2021, 2:45:22 AM","estadoRecuento":{"mesasEsperadas":9,"mesasTotalizadas":9,"mesasTotalizadasPorcentaje":100.0,"cantidadElectores":3091,"cantidadVotantes":2581,"participacionPorcentaje":83.5},"valoresTotalizadosPositivos":[{"idAgrupacion":"145","idAgrupacionTelegrama":"501","nombreAgrupacion":"FRENTE DE TODOS","urlLogo":null,"votos":1963,"votosPorcentaje":78.42},{"idAgrupacion":"146","idAgrupacionTelegrama":"502","nombreAgrupacion":"JUNTOS POR FORMOSA LIBRE","urlLogo":null,"votos":538,"votosPorcentaje":21.49},{"idAgrupacion":"144","idAgrupacionTelegrama":"212","nombreAgrupacion":"PRINCIPIOS Y CONVICCIÓN","urlLogo":null,"votos":2,"votosPorcentaje":0.07}],"valoresTotalizadosOtros":{"votosNulos":14,"votosNulosPorcentaje":0.54,"votosEnBlanco":62,"votosEnBlancoPorcentaje":2.4,"votosRecurridosComandoImpugnados":2,"votosRecurridosComandoImpugnadosPorcentaje":0.07}}