{"fechaTotalizacion":"Nov 15, 2021, 2:45:22 AM","estadoRecuento":{"mesasEsperadas":24,"mesasTotalizadas":24,"mesasTotalizadasPorcentaje":100.0,"cantidadElectores":8427,"cantidadVotantes":6033,"participacionPorcentaje":71.59},"valoresTotalizadosPositivos":[{"idAgrupacion":"145","idAgrupacionTelegrama":"501","nombreAgrupacion":"FRENTE DE TODOS","urlLogo":null,"votos":3930,"votosPorcentaje":67.79},{"idAgrupacion":"146","idAgrupacionTelegrama":"502","nombreAgrupacion":"JUNTOS POR FORMOSA LIBRE","urlLogo":null,"votos":1828,"votosPorcentaje":31.53},{"idAgrupacion":"144","idAgrupacionTelegrama":"212","nombreAgrupacion":"PRINCIPIOS Y CONVICCIÓN","urlLogo":null,"votos":39,"votosPorcentaje":0.67}],"valoresTotalizadosOtros":{"votosNulos":53,"votosNulosPorcentaje":0.87,"votosEnBlanco":174,"votosEnBlancoPorcentaje":2.88,"votosRecurridosComandoImpugnados":9,"votosRecurridosComandoImpugnadosPorcentaje":0.14}}