{"fechaTotalizacion":"Nov 15, 2021, 2:45:22 AM","estadoRecuento":{"mesasEsperadas":52,"mesasTotalizadas":52,"mesasTotalizadasPorcentaje":100.0,"cantidadElectores":18005,"cantidadVotantes":12430,"participacionPorcentaje":69.03},"valoresTotalizadosPositivos":[{"idAgrupacion":"145","idAgrupacionTelegrama":"501","nombreAgrupacion":"FRENTE DE TODOS","urlLogo":null,"votos":7396,"votosPorcentaje":69.01},{"idAgrupacion":"146","idAgrupacionTelegrama":"502","nombreAgrupacion":"JUNTOS POR FORMOSA LIBRE","urlLogo":null,"votos":3300,"votosPorcentaje":30.79},{"idAgrupacion":"144","idAgrupacionTelegrama":"212","nombreAgrupacion":"PRINCIPIOS Y CONVICCIÓN","urlLogo":null,"votos":21,"votosPorcentaje":0.19}],"valoresTotalizadosOtros":{"votosNulos":142,"votosNulosPorcentaje":1.14,"votosEnBlanco":1553,"votosEnBlancoPorcentaje":12.49,"votosRecurridosComandoImpugnados":18,"votosRecurridosComandoImpugnadosPorcentaje":0.14}}