{"fechaTotalizacion":"Nov 15, 2021, 2:45:22 AM","estadoRecuento":{"mesasEsperadas":1,"mesasTotalizadas":1,"mesasTotalizadasPorcentaje":100.0,"cantidadElectores":211,"cantidadVotantes":89,"participacionPorcentaje":42.18},"valoresTotalizadosPositivos":[{"idAgrupacion":"145","idAgrupacionTelegrama":"501","nombreAgrupacion":"FRENTE DE TODOS","urlLogo":null,"votos":50,"votosPorcentaje":69.44},{"idAgrupacion":"146","idAgrupacionTelegrama":"502","nombreAgrupacion":"JUNTOS POR FORMOSA LIBRE","urlLogo":null,"votos":20,"votosPorcentaje":27.77},{"idAgrupacion":"144","idAgrupacionTelegrama":"212","nombreAgrupacion":"PRINCIPIOS Y CONVICCIÓN","urlLogo":null,"votos":2,"votosPorcentaje":2.77}],"valoresTotalizadosOtros":{"votosNulos":0,"votosNulosPorcentaje":0.0,"votosEnBlanco":13,"votosEnBlancoPorcentaje":14.6,"votosRecurridosComandoImpugnados":4,"votosRecurridosComandoImpugnadosPorcentaje":4.49}}