{"fechaTotalizacion":"Nov 15, 2021, 2:45:22 AM","estadoRecuento":{"mesasEsperadas":1,"mesasTotalizadas":1,"mesasTotalizadasPorcentaje":100.0,"cantidadElectores":75,"cantidadVotantes":39,"participacionPorcentaje":52.0},"valoresTotalizadosPositivos":[{"idAgrupacion":"149","idAgrupacionTelegrama":"502","nombreAgrupacion":"CAMBIA JUJUY","urlLogo":null,"votos":23,"votosPorcentaje":60.52},{"idAgrupacion":"150","idAgrupacionTelegrama":"503","nombreAgrupacion":"FRENTE DE IZQUIERDA Y DE TRABAJADORES - UNIDAD","urlLogo":null,"votos":8,"votosPorcentaje":21.05},{"idAgrupacion":"148","idAgrupacionTelegrama":"501","nombreAgrupacion":"FRENTE DE TODOS","urlLogo":null,"votos":7,"votosPorcentaje":18.42}],"valoresTotalizadosOtros":{"votosNulos":0,"votosNulosPorcentaje":0.0,"votosEnBlanco":1,"votosEnBlancoPorcentaje":2.56,"votosRecurridosComandoImpugnados":0,"votosRecurridosComandoImpugnadosPorcentaje":0.0}}