{"fechaTotalizacion":"Nov 15, 2021, 2:45:22 AM","estadoRecuento":{"mesasEsperadas":2,"mesasTotalizadas":2,"mesasTotalizadasPorcentaje":100.0,"cantidadElectores":534,"cantidadVotantes":366,"participacionPorcentaje":68.53},"valoresTotalizadosPositivos":[{"idAgrupacion":"149","idAgrupacionTelegrama":"502","nombreAgrupacion":"CAMBIA JUJUY","urlLogo":null,"votos":165,"votosPorcentaje":46.21},{"idAgrupacion":"148","idAgrupacionTelegrama":"501","nombreAgrupacion":"FRENTE DE TODOS","urlLogo":null,"votos":163,"votosPorcentaje":45.65},{"idAgrupacion":"150","idAgrupacionTelegrama":"503","nombreAgrupacion":"FRENTE DE IZQUIERDA Y DE TRABAJADORES - UNIDAD","urlLogo":null,"votos":29,"votosPorcentaje":8.12}],"valoresTotalizadosOtros":{"votosNulos":5,"votosNulosPorcentaje":1.36,"votosEnBlanco":3,"votosEnBlancoPorcentaje":0.81,"votosRecurridosComandoImpugnados":1,"votosRecurridosComandoImpugnadosPorcentaje":0.27}}