{"fechaTotalizacion":"Nov 15, 2021, 2:45:22 AM","estadoRecuento":{"mesasEsperadas":1,"mesasTotalizadas":1,"mesasTotalizadasPorcentaje":100.0,"cantidadElectores":239,"cantidadVotantes":179,"participacionPorcentaje":74.89},"valoresTotalizadosPositivos":[{"idAgrupacion":"149","idAgrupacionTelegrama":"502","nombreAgrupacion":"CAMBIA JUJUY","urlLogo":null,"votos":127,"votosPorcentaje":73.41},{"idAgrupacion":"150","idAgrupacionTelegrama":"503","nombreAgrupacion":"FRENTE DE IZQUIERDA Y DE TRABAJADORES - UNIDAD","urlLogo":null,"votos":28,"votosPorcentaje":16.18},{"idAgrupacion":"148","idAgrupacionTelegrama":"501","nombreAgrupacion":"FRENTE DE TODOS","urlLogo":null,"votos":18,"votosPorcentaje":10.4}],"valoresTotalizadosOtros":{"votosNulos":3,"votosNulosPorcentaje":1.67,"votosEnBlanco":3,"votosEnBlancoPorcentaje":1.67,"votosRecurridosComandoImpugnados":0,"votosRecurridosComandoImpugnadosPorcentaje":0.0}}