{"fechaTotalizacion":"Nov 15, 2021, 2:45:22 AM","estadoRecuento":{"mesasEsperadas":2,"mesasTotalizadas":2,"mesasTotalizadasPorcentaje":100.0,"cantidadElectores":515,"cantidadVotantes":338,"participacionPorcentaje":65.63},"valoresTotalizadosPositivos":[{"idAgrupacion":"149","idAgrupacionTelegrama":"502","nombreAgrupacion":"CAMBIA JUJUY","urlLogo":null,"votos":169,"votosPorcentaje":50.59},{"idAgrupacion":"148","idAgrupacionTelegrama":"501","nombreAgrupacion":"FRENTE DE TODOS","urlLogo":null,"votos":128,"votosPorcentaje":38.32},{"idAgrupacion":"150","idAgrupacionTelegrama":"503","nombreAgrupacion":"FRENTE DE IZQUIERDA Y DE TRABAJADORES - UNIDAD","urlLogo":null,"votos":37,"votosPorcentaje":11.07}],"valoresTotalizadosOtros":{"votosNulos":2,"votosNulosPorcentaje":0.59,"votosEnBlanco":2,"votosEnBlancoPorcentaje":0.59,"votosRecurridosComandoImpugnados":0,"votosRecurridosComandoImpugnadosPorcentaje":0.0}}