{"fechaTotalizacion":"Nov 15, 2021, 2:45:22 AM","estadoRecuento":{"mesasEsperadas":46,"mesasTotalizadas":46,"mesasTotalizadasPorcentaje":100.0,"cantidadElectores":16157,"cantidadVotantes":11880,"participacionPorcentaje":73.52},"valoresTotalizadosPositivos":[{"idAgrupacion":"149","idAgrupacionTelegrama":"502","nombreAgrupacion":"CAMBIA JUJUY","urlLogo":null,"votos":4927,"votosPorcentaje":43.01},{"idAgrupacion":"148","idAgrupacionTelegrama":"501","nombreAgrupacion":"FRENTE DE TODOS","urlLogo":null,"votos":4145,"votosPorcentaje":36.18},{"idAgrupacion":"150","idAgrupacionTelegrama":"503","nombreAgrupacion":"FRENTE DE IZQUIERDA Y DE TRABAJADORES - UNIDAD","urlLogo":null,"votos":2383,"votosPorcentaje":20.8}],"valoresTotalizadosOtros":{"votosNulos":294,"votosNulosPorcentaje":2.47,"votosEnBlanco":116,"votosEnBlancoPorcentaje":0.97,"votosRecurridosComandoImpugnados":15,"votosRecurridosComandoImpugnadosPorcentaje":0.12}}