{"fechaTotalizacion":"Nov 15, 2021, 2:45:22 AM","estadoRecuento":{"mesasEsperadas":2,"mesasTotalizadas":2,"mesasTotalizadasPorcentaje":100.0,"cantidadElectores":661,"cantidadVotantes":455,"participacionPorcentaje":68.83},"valoresTotalizadosPositivos":[{"idAgrupacion":"149","idAgrupacionTelegrama":"502","nombreAgrupacion":"CAMBIA JUJUY","urlLogo":null,"votos":240,"votosPorcentaje":59.4},{"idAgrupacion":"148","idAgrupacionTelegrama":"501","nombreAgrupacion":"FRENTE DE TODOS","urlLogo":null,"votos":132,"votosPorcentaje":32.67},{"idAgrupacion":"150","idAgrupacionTelegrama":"503","nombreAgrupacion":"FRENTE DE IZQUIERDA Y DE TRABAJADORES - UNIDAD","urlLogo":null,"votos":32,"votosPorcentaje":7.92}],"valoresTotalizadosOtros":{"votosNulos":2,"votosNulosPorcentaje":0.43,"votosEnBlanco":47,"votosEnBlancoPorcentaje":10.32,"votosRecurridosComandoImpugnados":2,"votosRecurridosComandoImpugnadosPorcentaje":0.43}}