{"fechaTotalizacion":"Nov 15, 2021, 2:45:22 AM","estadoRecuento":{"mesasEsperadas":42,"mesasTotalizadas":42,"mesasTotalizadasPorcentaje":100.0,"cantidadElectores":14535,"cantidadVotantes":11253,"participacionPorcentaje":77.42},"valoresTotalizadosPositivos":[{"idAgrupacion":"149","idAgrupacionTelegrama":"502","nombreAgrupacion":"CAMBIA JUJUY","urlLogo":null,"votos":5731,"votosPorcentaje":53.68},{"idAgrupacion":"148","idAgrupacionTelegrama":"501","nombreAgrupacion":"FRENTE DE TODOS","urlLogo":null,"votos":2658,"votosPorcentaje":24.89},{"idAgrupacion":"150","idAgrupacionTelegrama":"503","nombreAgrupacion":"FRENTE DE IZQUIERDA Y DE TRABAJADORES - UNIDAD","urlLogo":null,"votos":2286,"votosPorcentaje":21.41}],"valoresTotalizadosOtros":{"votosNulos":403,"votosNulosPorcentaje":3.58,"votosEnBlanco":148,"votosEnBlancoPorcentaje":1.31,"votosRecurridosComandoImpugnados":27,"votosRecurridosComandoImpugnadosPorcentaje":0.23}}