{"fechaTotalizacion":"Nov 15, 2021, 2:45:22 AM","estadoRecuento":{"mesasEsperadas":1,"mesasTotalizadas":1,"mesasTotalizadasPorcentaje":100.0,"cantidadElectores":349,"cantidadVotantes":253,"participacionPorcentaje":72.49},"valoresTotalizadosPositivos":[{"idAgrupacion":"153","idAgrupacionTelegrama":"501","nombreAgrupacion":"FRENTE DE TODOS","urlLogo":null,"votos":145,"votosPorcentaje":58.23},{"idAgrupacion":"154","idAgrupacionTelegrama":"502","nombreAgrupacion":"JUNTOS POR EL CAMBIO","urlLogo":null,"votos":83,"votosPorcentaje":33.33},{"idAgrupacion":"151","idAgrupacionTelegrama":"50","nombreAgrupacion":"SOCIALISTA","urlLogo":null,"votos":8,"votosPorcentaje":3.21},{"idAgrupacion":"152","idAgrupacionTelegrama":"200","nombreAgrupacion":"MOVIMIENTO AL SOCIALISMO","urlLogo":null,"votos":7,"votosPorcentaje":2.81},{"idAgrupacion":"155","idAgrupacionTelegrama":"503","nombreAgrupacion":"FRENTE DE IZQUIERDA Y DE TRABAJADORES - UNIDAD","urlLogo":null,"votos":6,"votosPorcentaje":2.4}],"valoresTotalizadosOtros":{"votosNulos":1,"votosNulosPorcentaje":0.39,"votosEnBlanco":3,"votosEnBlancoPorcentaje":1.18,"votosRecurridosComandoImpugnados":0,"votosRecurridosComandoImpugnadosPorcentaje":0.0}}