{"fechaTotalizacion":"Nov 15, 2021, 2:45:22 AM","estadoRecuento":{"mesasEsperadas":8,"mesasTotalizadas":8,"mesasTotalizadasPorcentaje":100.0,"cantidadElectores":2579,"cantidadVotantes":1923,"participacionPorcentaje":74.56},"valoresTotalizadosPositivos":[{"idAgrupacion":"154","idAgrupacionTelegrama":"502","nombreAgrupacion":"JUNTOS POR EL CAMBIO","urlLogo":null,"votos":1141,"votosPorcentaje":61.94},{"idAgrupacion":"153","idAgrupacionTelegrama":"501","nombreAgrupacion":"FRENTE DE TODOS","urlLogo":null,"votos":558,"votosPorcentaje":30.29},{"idAgrupacion":"155","idAgrupacionTelegrama":"503","nombreAgrupacion":"FRENTE DE IZQUIERDA Y DE TRABAJADORES - UNIDAD","urlLogo":null,"votos":70,"votosPorcentaje":3.8},{"idAgrupacion":"152","idAgrupacionTelegrama":"200","nombreAgrupacion":"MOVIMIENTO AL SOCIALISMO","urlLogo":null,"votos":40,"votosPorcentaje":2.17},{"idAgrupacion":"151","idAgrupacionTelegrama":"50","nombreAgrupacion":"SOCIALISTA","urlLogo":null,"votos":33,"votosPorcentaje":1.79}],"valoresTotalizadosOtros":{"votosNulos":31,"votosNulosPorcentaje":1.61,"votosEnBlanco":50,"votosEnBlancoPorcentaje":2.6,"votosRecurridosComandoImpugnados":0,"votosRecurridosComandoImpugnadosPorcentaje":0.0}}