{"fechaTotalizacion":"Nov 15, 2021, 2:45:22 AM","estadoRecuento":{"mesasEsperadas":2,"mesasTotalizadas":2,"mesasTotalizadasPorcentaje":100.0,"cantidadElectores":523,"cantidadVotantes":348,"participacionPorcentaje":66.53},"valoresTotalizadosPositivos":[{"idAgrupacion":"153","idAgrupacionTelegrama":"501","nombreAgrupacion":"FRENTE DE TODOS","urlLogo":null,"votos":220,"votosPorcentaje":65.08},{"idAgrupacion":"154","idAgrupacionTelegrama":"502","nombreAgrupacion":"JUNTOS POR EL CAMBIO","urlLogo":null,"votos":100,"votosPorcentaje":29.58},{"idAgrupacion":"151","idAgrupacionTelegrama":"50","nombreAgrupacion":"SOCIALISTA","urlLogo":null,"votos":9,"votosPorcentaje":2.66},{"idAgrupacion":"152","idAgrupacionTelegrama":"200","nombreAgrupacion":"MOVIMIENTO AL SOCIALISMO","urlLogo":null,"votos":6,"votosPorcentaje":1.77},{"idAgrupacion":"155","idAgrupacionTelegrama":"503","nombreAgrupacion":"FRENTE DE IZQUIERDA Y DE TRABAJADORES - UNIDAD","urlLogo":null,"votos":3,"votosPorcentaje":0.88}],"valoresTotalizadosOtros":{"votosNulos":8,"votosNulosPorcentaje":2.29,"votosEnBlanco":2,"votosEnBlancoPorcentaje":0.57,"votosRecurridosComandoImpugnados":0,"votosRecurridosComandoImpugnadosPorcentaje":0.0}}