{"fechaTotalizacion":"Nov 15, 2021, 2:45:22 AM","estadoRecuento":{"mesasEsperadas":2,"mesasTotalizadas":2,"mesasTotalizadasPorcentaje":100.0,"cantidadElectores":683,"cantidadVotantes":582,"participacionPorcentaje":85.21},"valoresTotalizadosPositivos":[{"idAgrupacion":"153","idAgrupacionTelegrama":"501","nombreAgrupacion":"FRENTE DE TODOS","urlLogo":null,"votos":291,"votosPorcentaje":51.59},{"idAgrupacion":"154","idAgrupacionTelegrama":"502","nombreAgrupacion":"JUNTOS POR EL CAMBIO","urlLogo":null,"votos":248,"votosPorcentaje":43.97},{"idAgrupacion":"155","idAgrupacionTelegrama":"503","nombreAgrupacion":"FRENTE DE IZQUIERDA Y DE TRABAJADORES - UNIDAD","urlLogo":null,"votos":14,"votosPorcentaje":2.48},{"idAgrupacion":"152","idAgrupacionTelegrama":"200","nombreAgrupacion":"MOVIMIENTO AL SOCIALISMO","urlLogo":null,"votos":6,"votosPorcentaje":1.06},{"idAgrupacion":"151","idAgrupacionTelegrama":"50","nombreAgrupacion":"SOCIALISTA","urlLogo":null,"votos":5,"votosPorcentaje":0.88}],"valoresTotalizadosOtros":{"votosNulos":14,"votosNulosPorcentaje":2.4,"votosEnBlanco":4,"votosEnBlancoPorcentaje":0.68,"votosRecurridosComandoImpugnados":0,"votosRecurridosComandoImpugnadosPorcentaje":0.0}}