{"fechaTotalizacion":"Nov 15, 2021, 2:45:22 AM","estadoRecuento":{"mesasEsperadas":7,"mesasTotalizadas":7,"mesasTotalizadasPorcentaje":100.0,"cantidadElectores":2118,"cantidadVotantes":1594,"participacionPorcentaje":75.25},"valoresTotalizadosPositivos":[{"idAgrupacion":"154","idAgrupacionTelegrama":"502","nombreAgrupacion":"JUNTOS POR EL CAMBIO","urlLogo":null,"votos":828,"votosPorcentaje":54.18},{"idAgrupacion":"153","idAgrupacionTelegrama":"501","nombreAgrupacion":"FRENTE DE TODOS","urlLogo":null,"votos":614,"votosPorcentaje":40.18},{"idAgrupacion":"155","idAgrupacionTelegrama":"503","nombreAgrupacion":"FRENTE DE IZQUIERDA Y DE TRABAJADORES - UNIDAD","urlLogo":null,"votos":34,"votosPorcentaje":2.22},{"idAgrupacion":"152","idAgrupacionTelegrama":"200","nombreAgrupacion":"MOVIMIENTO AL SOCIALISMO","urlLogo":null,"votos":30,"votosPorcentaje":1.96},{"idAgrupacion":"151","idAgrupacionTelegrama":"50","nombreAgrupacion":"SOCIALISTA","urlLogo":null,"votos":22,"votosPorcentaje":1.43}],"valoresTotalizadosOtros":{"votosNulos":30,"votosNulosPorcentaje":1.88,"votosEnBlanco":36,"votosEnBlancoPorcentaje":2.25,"votosRecurridosComandoImpugnados":0,"votosRecurridosComandoImpugnadosPorcentaje":0.0}}