{"fechaTotalizacion":"Nov 15, 2021, 2:45:22 AM","estadoRecuento":{"mesasEsperadas":17,"mesasTotalizadas":17,"mesasTotalizadasPorcentaje":100.0,"cantidadElectores":5852,"cantidadVotantes":4008,"participacionPorcentaje":68.48},"valoresTotalizadosPositivos":[{"idAgrupacion":"160","idAgrupacionTelegrama":"503","nombreAgrupacion":"FRENTE DE TODOS","urlLogo":null,"votos":2568,"votosPorcentaje":67.84},{"idAgrupacion":"159","idAgrupacionTelegrama":"502","nombreAgrupacion":"VAMOS LA RIOJA","urlLogo":null,"votos":723,"votosPorcentaje":19.1},{"idAgrupacion":"157","idAgrupacionTelegrama":"184","nombreAgrupacion":"UNION DEL CENTRO DEMOCRATICO","urlLogo":null,"votos":231,"votosPorcentaje":6.1},{"idAgrupacion":"161","idAgrupacionTelegrama":"504","nombreAgrupacion":"FRENTE DE IZQUIERDA Y DE TRABAJADORES - UNIDAD","urlLogo":null,"votos":166,"votosPorcentaje":4.38},{"idAgrupacion":"158","idAgrupacionTelegrama":"501","nombreAgrupacion":"UNIDOS","urlLogo":null,"votos":97,"votosPorcentaje":2.56}],"valoresTotalizadosOtros":{"votosNulos":108,"votosNulosPorcentaje":2.69,"votosEnBlanco":110,"votosEnBlancoPorcentaje":2.74,"votosRecurridosComandoImpugnados":5,"votosRecurridosComandoImpugnadosPorcentaje":0.12}}