{"fechaTotalizacion":"Nov 15, 2021, 2:45:22 AM","estadoRecuento":{"mesasEsperadas":1,"mesasTotalizadas":1,"mesasTotalizadasPorcentaje":100.0,"cantidadElectores":118,"cantidadVotantes":91,"participacionPorcentaje":77.11},"valoresTotalizadosPositivos":[{"idAgrupacion":"160","idAgrupacionTelegrama":"503","nombreAgrupacion":"FRENTE DE TODOS","urlLogo":null,"votos":74,"votosPorcentaje":82.22},{"idAgrupacion":"159","idAgrupacionTelegrama":"502","nombreAgrupacion":"VAMOS LA RIOJA","urlLogo":null,"votos":13,"votosPorcentaje":14.44},{"idAgrupacion":"158","idAgrupacionTelegrama":"501","nombreAgrupacion":"UNIDOS","urlLogo":null,"votos":2,"votosPorcentaje":2.22},{"idAgrupacion":"157","idAgrupacionTelegrama":"184","nombreAgrupacion":"UNION DEL CENTRO DEMOCRATICO","urlLogo":null,"votos":1,"votosPorcentaje":1.11},{"idAgrupacion":"161","idAgrupacionTelegrama":"504","nombreAgrupacion":"FRENTE DE IZQUIERDA Y DE TRABAJADORES - UNIDAD","urlLogo":null,"votos":0,"votosPorcentaje":0.0}],"valoresTotalizadosOtros":{"votosNulos":0,"votosNulosPorcentaje":0.0,"votosEnBlanco":1,"votosEnBlancoPorcentaje":1.09,"votosRecurridosComandoImpugnados":0,"votosRecurridosComandoImpugnadosPorcentaje":0.0}}