{"fechaTotalizacion":"Nov 15, 2021, 2:45:22 AM","estadoRecuento":{"mesasEsperadas":1,"mesasTotalizadas":1,"mesasTotalizadasPorcentaje":100.0,"cantidadElectores":264,"cantidadVotantes":182,"participacionPorcentaje":68.93},"valoresTotalizadosPositivos":[{"idAgrupacion":"160","idAgrupacionTelegrama":"503","nombreAgrupacion":"FRENTE DE TODOS","urlLogo":null,"votos":163,"votosPorcentaje":92.09},{"idAgrupacion":"159","idAgrupacionTelegrama":"502","nombreAgrupacion":"VAMOS LA RIOJA","urlLogo":null,"votos":10,"votosPorcentaje":5.64},{"idAgrupacion":"161","idAgrupacionTelegrama":"504","nombreAgrupacion":"FRENTE DE IZQUIERDA Y DE TRABAJADORES - UNIDAD","urlLogo":null,"votos":4,"votosPorcentaje":2.25},{"idAgrupacion":"158","idAgrupacionTelegrama":"501","nombreAgrupacion":"UNIDOS","urlLogo":null,"votos":0,"votosPorcentaje":0.0},{"idAgrupacion":"157","idAgrupacionTelegrama":"184","nombreAgrupacion":"UNION DEL CENTRO DEMOCRATICO","urlLogo":null,"votos":0,"votosPorcentaje":0.0}],"valoresTotalizadosOtros":{"votosNulos":5,"votosNulosPorcentaje":2.74,"votosEnBlanco":0,"votosEnBlancoPorcentaje":0.0,"votosRecurridosComandoImpugnados":0,"votosRecurridosComandoImpugnadosPorcentaje":0.0}}