{"fechaTotalizacion":"Nov 15, 2021, 2:45:22 AM","estadoRecuento":{"mesasEsperadas":7,"mesasTotalizadas":7,"mesasTotalizadasPorcentaje":100.0,"cantidadElectores":2133,"cantidadVotantes":1813,"participacionPorcentaje":84.99},"valoresTotalizadosPositivos":[{"idAgrupacion":"160","idAgrupacionTelegrama":"503","nombreAgrupacion":"FRENTE DE TODOS","urlLogo":null,"votos":1322,"votosPorcentaje":82.21},{"idAgrupacion":"159","idAgrupacionTelegrama":"502","nombreAgrupacion":"VAMOS LA RIOJA","urlLogo":null,"votos":253,"votosPorcentaje":15.73},{"idAgrupacion":"157","idAgrupacionTelegrama":"184","nombreAgrupacion":"UNION DEL CENTRO DEMOCRATICO","urlLogo":null,"votos":16,"votosPorcentaje":0.99},{"idAgrupacion":"161","idAgrupacionTelegrama":"504","nombreAgrupacion":"FRENTE DE IZQUIERDA Y DE TRABAJADORES - UNIDAD","urlLogo":null,"votos":12,"votosPorcentaje":0.74},{"idAgrupacion":"158","idAgrupacionTelegrama":"501","nombreAgrupacion":"UNIDOS","urlLogo":null,"votos":5,"votosPorcentaje":0.31}],"valoresTotalizadosOtros":{"votosNulos":14,"votosNulosPorcentaje":0.77,"votosEnBlanco":191,"votosEnBlancoPorcentaje":10.53,"votosRecurridosComandoImpugnados":0,"votosRecurridosComandoImpugnadosPorcentaje":0.0}}