{"fechaTotalizacion":"Nov 15, 2021, 2:45:22 AM","estadoRecuento":{"mesasEsperadas":1,"mesasTotalizadas":1,"mesasTotalizadasPorcentaje":100.0,"cantidadElectores":210,"cantidadVotantes":126,"participacionPorcentaje":60.0},"valoresTotalizadosPositivos":[{"idAgrupacion":"160","idAgrupacionTelegrama":"503","nombreAgrupacion":"FRENTE DE TODOS","urlLogo":null,"votos":87,"votosPorcentaje":73.1},{"idAgrupacion":"159","idAgrupacionTelegrama":"502","nombreAgrupacion":"VAMOS LA RIOJA","urlLogo":null,"votos":17,"votosPorcentaje":14.28},{"idAgrupacion":"157","idAgrupacionTelegrama":"184","nombreAgrupacion":"UNION DEL CENTRO DEMOCRATICO","urlLogo":null,"votos":7,"votosPorcentaje":5.88},{"idAgrupacion":"161","idAgrupacionTelegrama":"504","nombreAgrupacion":"FRENTE DE IZQUIERDA Y DE TRABAJADORES - UNIDAD","urlLogo":null,"votos":4,"votosPorcentaje":3.36},{"idAgrupacion":"158","idAgrupacionTelegrama":"501","nombreAgrupacion":"UNIDOS","urlLogo":null,"votos":4,"votosPorcentaje":3.36}],"valoresTotalizadosOtros":{"votosNulos":5,"votosNulosPorcentaje":3.96,"votosEnBlanco":2,"votosEnBlancoPorcentaje":1.58,"votosRecurridosComandoImpugnados":0,"votosRecurridosComandoImpugnadosPorcentaje":0.0}}