{"fechaTotalizacion":"Nov 15, 2021, 2:45:22 AM","estadoRecuento":{"mesasEsperadas":1,"mesasTotalizadas":1,"mesasTotalizadasPorcentaje":100.0,"cantidadElectores":96,"cantidadVotantes":80,"participacionPorcentaje":83.33},"valoresTotalizadosPositivos":[{"idAgrupacion":"160","idAgrupacionTelegrama":"503","nombreAgrupacion":"FRENTE DE TODOS","urlLogo":null,"votos":61,"votosPorcentaje":77.21},{"idAgrupacion":"159","idAgrupacionTelegrama":"502","nombreAgrupacion":"VAMOS LA RIOJA","urlLogo":null,"votos":12,"votosPorcentaje":15.18},{"idAgrupacion":"161","idAgrupacionTelegrama":"504","nombreAgrupacion":"FRENTE DE IZQUIERDA Y DE TRABAJADORES - UNIDAD","urlLogo":null,"votos":2,"votosPorcentaje":2.53},{"idAgrupacion":"158","idAgrupacionTelegrama":"501","nombreAgrupacion":"UNIDOS","urlLogo":null,"votos":2,"votosPorcentaje":2.53},{"idAgrupacion":"157","idAgrupacionTelegrama":"184","nombreAgrupacion":"UNION DEL CENTRO DEMOCRATICO","urlLogo":null,"votos":2,"votosPorcentaje":2.53}],"valoresTotalizadosOtros":{"votosNulos":0,"votosNulosPorcentaje":0.0,"votosEnBlanco":1,"votosEnBlancoPorcentaje":1.25,"votosRecurridosComandoImpugnados":0,"votosRecurridosComandoImpugnadosPorcentaje":0.0}}