{"fechaTotalizacion":"Nov 15, 2021, 2:45:22 AM","estadoRecuento":{"mesasEsperadas":35,"mesasTotalizadas":35,"mesasTotalizadasPorcentaje":100.0,"cantidadElectores":11972,"cantidadVotantes":8891,"participacionPorcentaje":74.26},"valoresTotalizadosPositivos":[{"idAgrupacion":"170","idAgrupacionTelegrama":"503","nombreAgrupacion":"CAMBIA MENDOZA","urlLogo":null,"votos":3374,"votosPorcentaje":42.45},{"idAgrupacion":"169","idAgrupacionTelegrama":"502","nombreAgrupacion":"FRENTE DE TODOS","urlLogo":null,"votos":2559,"votosPorcentaje":32.19},{"idAgrupacion":"165","idAgrupacionTelegrama":"181","nombreAgrupacion":"VERDE","urlLogo":null,"votos":579,"votosPorcentaje":7.28},{"idAgrupacion":"168","idAgrupacionTelegrama":"501","nombreAgrupacion":"FRENTE DE IZQUIERDA Y DE TRABAJADORES - UNIDAD","urlLogo":null,"votos":561,"votosPorcentaje":7.05},{"idAgrupacion":"171","idAgrupacionTelegrama":"504","nombreAgrupacion":"VAMOS ! MENDOCINOS","urlLogo":null,"votos":430,"votosPorcentaje":5.41},{"idAgrupacion":"163","idAgrupacionTelegrama":"82","nombreAgrupacion":"COMPROMISO FEDERAL","urlLogo":null,"votos":227,"votosPorcentaje":2.85},{"idAgrupacion":"162","idAgrupacionTelegrama":"8","nombreAgrupacion":"FEDERAL","urlLogo":null,"votos":218,"votosPorcentaje":2.74}],"valoresTotalizadosOtros":{"votosNulos":182,"votosNulosPorcentaje":2.04,"votosEnBlanco":756,"votosEnBlancoPorcentaje":8.5,"votosRecurridosComandoImpugnados":5,"votosRecurridosComandoImpugnadosPorcentaje":0.05}}