{"fechaTotalizacion":"Nov 15, 2021, 2:45:22 AM","estadoRecuento":{"mesasEsperadas":43,"mesasTotalizadas":43,"mesasTotalizadasPorcentaje":100.0,"cantidadElectores":14841,"cantidadVotantes":11700,"participacionPorcentaje":78.83},"valoresTotalizadosPositivos":[{"idAgrupacion":"170","idAgrupacionTelegrama":"503","nombreAgrupacion":"CAMBIA MENDOZA","urlLogo":null,"votos":7963,"votosPorcentaje":71.35},{"idAgrupacion":"169","idAgrupacionTelegrama":"502","nombreAgrupacion":"FRENTE DE TODOS","urlLogo":null,"votos":1223,"votosPorcentaje":10.95},{"idAgrupacion":"165","idAgrupacionTelegrama":"181","nombreAgrupacion":"VERDE","urlLogo":null,"votos":632,"votosPorcentaje":5.66},{"idAgrupacion":"171","idAgrupacionTelegrama":"504","nombreAgrupacion":"VAMOS ! MENDOCINOS","urlLogo":null,"votos":601,"votosPorcentaje":5.38},{"idAgrupacion":"168","idAgrupacionTelegrama":"501","nombreAgrupacion":"FRENTE DE IZQUIERDA Y DE TRABAJADORES - UNIDAD","urlLogo":null,"votos":403,"votosPorcentaje":3.61},{"idAgrupacion":"162","idAgrupacionTelegrama":"8","nombreAgrupacion":"FEDERAL","urlLogo":null,"votos":221,"votosPorcentaje":1.98},{"idAgrupacion":"163","idAgrupacionTelegrama":"82","nombreAgrupacion":"COMPROMISO FEDERAL","urlLogo":null,"votos":117,"votosPorcentaje":1.04}],"valoresTotalizadosOtros":{"votosNulos":144,"votosNulosPorcentaje":1.23,"votosEnBlanco":382,"votosEnBlancoPorcentaje":3.26,"votosRecurridosComandoImpugnados":14,"votosRecurridosComandoImpugnadosPorcentaje":0.11}}