{"fechaTotalizacion":"Nov 15, 2021, 2:45:22 AM","estadoRecuento":{"mesasEsperadas":10,"mesasTotalizadas":10,"mesasTotalizadasPorcentaje":100.0,"cantidadElectores":3298,"cantidadVotantes":2462,"participacionPorcentaje":74.65},"valoresTotalizadosPositivos":[{"idAgrupacion":"170","idAgrupacionTelegrama":"503","nombreAgrupacion":"CAMBIA MENDOZA","urlLogo":null,"votos":910,"votosPorcentaje":41.59},{"idAgrupacion":"169","idAgrupacionTelegrama":"502","nombreAgrupacion":"FRENTE DE TODOS","urlLogo":null,"votos":872,"votosPorcentaje":39.85},{"idAgrupacion":"165","idAgrupacionTelegrama":"181","nombreAgrupacion":"VERDE","urlLogo":null,"votos":137,"votosPorcentaje":6.26},{"idAgrupacion":"168","idAgrupacionTelegrama":"501","nombreAgrupacion":"FRENTE DE IZQUIERDA Y DE TRABAJADORES - UNIDAD","urlLogo":null,"votos":96,"votosPorcentaje":4.38},{"idAgrupacion":"163","idAgrupacionTelegrama":"82","nombreAgrupacion":"COMPROMISO FEDERAL","urlLogo":null,"votos":71,"votosPorcentaje":3.24},{"idAgrupacion":"162","idAgrupacionTelegrama":"8","nombreAgrupacion":"FEDERAL","urlLogo":null,"votos":54,"votosPorcentaje":2.46},{"idAgrupacion":"171","idAgrupacionTelegrama":"504","nombreAgrupacion":"VAMOS ! MENDOCINOS","urlLogo":null,"votos":48,"votosPorcentaje":2.19}],"valoresTotalizadosOtros":{"votosNulos":99,"votosNulosPorcentaje":4.02,"votosEnBlanco":170,"votosEnBlancoPorcentaje":6.9,"votosRecurridosComandoImpugnados":5,"votosRecurridosComandoImpugnadosPorcentaje":0.2}}