{"fechaTotalizacion":"Nov 15, 2021, 2:45:22 AM","estadoRecuento":{"mesasEsperadas":11,"mesasTotalizadas":11,"mesasTotalizadasPorcentaje":100.0,"cantidadElectores":3518,"cantidadVotantes":2824,"participacionPorcentaje":80.27},"valoresTotalizadosPositivos":[{"idAgrupacion":"170","idAgrupacionTelegrama":"503","nombreAgrupacion":"CAMBIA MENDOZA","urlLogo":null,"votos":1198,"votosPorcentaje":46.81},{"idAgrupacion":"169","idAgrupacionTelegrama":"502","nombreAgrupacion":"FRENTE DE TODOS","urlLogo":null,"votos":739,"votosPorcentaje":28.87},{"idAgrupacion":"165","idAgrupacionTelegrama":"181","nombreAgrupacion":"VERDE","urlLogo":null,"votos":259,"votosPorcentaje":10.12},{"idAgrupacion":"168","idAgrupacionTelegrama":"501","nombreAgrupacion":"FRENTE DE IZQUIERDA Y DE TRABAJADORES - UNIDAD","urlLogo":null,"votos":130,"votosPorcentaje":5.08},{"idAgrupacion":"171","idAgrupacionTelegrama":"504","nombreAgrupacion":"VAMOS ! MENDOCINOS","urlLogo":null,"votos":99,"votosPorcentaje":3.86},{"idAgrupacion":"163","idAgrupacionTelegrama":"82","nombreAgrupacion":"COMPROMISO FEDERAL","urlLogo":null,"votos":75,"votosPorcentaje":2.93},{"idAgrupacion":"162","idAgrupacionTelegrama":"8","nombreAgrupacion":"FEDERAL","urlLogo":null,"votos":59,"votosPorcentaje":2.3}],"valoresTotalizadosOtros":{"votosNulos":63,"votosNulosPorcentaje":2.23,"votosEnBlanco":198,"votosEnBlancoPorcentaje":7.01,"votosRecurridosComandoImpugnados":4,"votosRecurridosComandoImpugnadosPorcentaje":0.14}}