{"fechaTotalizacion":"Nov 15, 2021, 2:45:22 AM","estadoRecuento":{"mesasEsperadas":16,"mesasTotalizadas":16,"mesasTotalizadasPorcentaje":100.0,"cantidadElectores":5587,"cantidadVotantes":4252,"participacionPorcentaje":76.1},"valoresTotalizadosPositivos":[{"idAgrupacion":"170","idAgrupacionTelegrama":"503","nombreAgrupacion":"CAMBIA MENDOZA","urlLogo":null,"votos":1685,"votosPorcentaje":43.67},{"idAgrupacion":"169","idAgrupacionTelegrama":"502","nombreAgrupacion":"FRENTE DE TODOS","urlLogo":null,"votos":1092,"votosPorcentaje":28.3},{"idAgrupacion":"165","idAgrupacionTelegrama":"181","nombreAgrupacion":"VERDE","urlLogo":null,"votos":409,"votosPorcentaje":10.6},{"idAgrupacion":"168","idAgrupacionTelegrama":"501","nombreAgrupacion":"FRENTE DE IZQUIERDA Y DE TRABAJADORES - UNIDAD","urlLogo":null,"votos":279,"votosPorcentaje":7.23},{"idAgrupacion":"163","idAgrupacionTelegrama":"82","nombreAgrupacion":"COMPROMISO FEDERAL","urlLogo":null,"votos":156,"votosPorcentaje":4.04},{"idAgrupacion":"171","idAgrupacionTelegrama":"504","nombreAgrupacion":"VAMOS ! MENDOCINOS","urlLogo":null,"votos":121,"votosPorcentaje":3.13},{"idAgrupacion":"162","idAgrupacionTelegrama":"8","nombreAgrupacion":"FEDERAL","urlLogo":null,"votos":116,"votosPorcentaje":3.0}],"valoresTotalizadosOtros":{"votosNulos":77,"votosNulosPorcentaje":1.81,"votosEnBlanco":293,"votosEnBlancoPorcentaje":6.89,"votosRecurridosComandoImpugnados":24,"votosRecurridosComandoImpugnadosPorcentaje":0.56}}