{"fechaTotalizacion":"Nov 15, 2021, 2:45:22 AM","estadoRecuento":{"mesasEsperadas":24,"mesasTotalizadas":24,"mesasTotalizadasPorcentaje":100.0,"cantidadElectores":8347,"cantidadVotantes":6122,"participacionPorcentaje":73.34},"valoresTotalizadosPositivos":[{"idAgrupacion":"170","idAgrupacionTelegrama":"503","nombreAgrupacion":"CAMBIA MENDOZA","urlLogo":null,"votos":3672,"votosPorcentaje":64.25},{"idAgrupacion":"169","idAgrupacionTelegrama":"502","nombreAgrupacion":"FRENTE DE TODOS","urlLogo":null,"votos":791,"votosPorcentaje":13.84},{"idAgrupacion":"165","idAgrupacionTelegrama":"181","nombreAgrupacion":"VERDE","urlLogo":null,"votos":482,"votosPorcentaje":8.43},{"idAgrupacion":"171","idAgrupacionTelegrama":"504","nombreAgrupacion":"VAMOS ! MENDOCINOS","urlLogo":null,"votos":273,"votosPorcentaje":4.77},{"idAgrupacion":"168","idAgrupacionTelegrama":"501","nombreAgrupacion":"FRENTE DE IZQUIERDA Y DE TRABAJADORES - UNIDAD","urlLogo":null,"votos":267,"votosPorcentaje":4.67},{"idAgrupacion":"162","idAgrupacionTelegrama":"8","nombreAgrupacion":"FEDERAL","urlLogo":null,"votos":129,"votosPorcentaje":2.25},{"idAgrupacion":"163","idAgrupacionTelegrama":"82","nombreAgrupacion":"COMPROMISO FEDERAL","urlLogo":null,"votos":101,"votosPorcentaje":1.76}],"valoresTotalizadosOtros":{"votosNulos":128,"votosNulosPorcentaje":2.09,"votosEnBlanco":267,"votosEnBlancoPorcentaje":4.36,"votosRecurridosComandoImpugnados":12,"votosRecurridosComandoImpugnadosPorcentaje":0.19}}