{"fechaTotalizacion":"Nov 15, 2021, 2:45:22 AM","estadoRecuento":{"mesasEsperadas":21,"mesasTotalizadas":21,"mesasTotalizadasPorcentaje":100.0,"cantidadElectores":7103,"cantidadVotantes":5408,"participacionPorcentaje":76.13},"valoresTotalizadosPositivos":[{"idAgrupacion":"170","idAgrupacionTelegrama":"503","nombreAgrupacion":"CAMBIA MENDOZA","urlLogo":null,"votos":3233,"votosPorcentaje":63.5},{"idAgrupacion":"169","idAgrupacionTelegrama":"502","nombreAgrupacion":"FRENTE DE TODOS","urlLogo":null,"votos":753,"votosPorcentaje":14.79},{"idAgrupacion":"165","idAgrupacionTelegrama":"181","nombreAgrupacion":"VERDE","urlLogo":null,"votos":468,"votosPorcentaje":9.19},{"idAgrupacion":"168","idAgrupacionTelegrama":"501","nombreAgrupacion":"FRENTE DE IZQUIERDA Y DE TRABAJADORES - UNIDAD","urlLogo":null,"votos":231,"votosPorcentaje":4.53},{"idAgrupacion":"171","idAgrupacionTelegrama":"504","nombreAgrupacion":"VAMOS ! MENDOCINOS","urlLogo":null,"votos":206,"votosPorcentaje":4.04},{"idAgrupacion":"162","idAgrupacionTelegrama":"8","nombreAgrupacion":"FEDERAL","urlLogo":null,"votos":105,"votosPorcentaje":2.06},{"idAgrupacion":"163","idAgrupacionTelegrama":"82","nombreAgrupacion":"COMPROMISO FEDERAL","urlLogo":null,"votos":95,"votosPorcentaje":1.86}],"valoresTotalizadosOtros":{"votosNulos":102,"votosNulosPorcentaje":1.88,"votosEnBlanco":208,"votosEnBlancoPorcentaje":3.84,"votosRecurridosComandoImpugnados":7,"votosRecurridosComandoImpugnadosPorcentaje":0.12}}