{"fechaTotalizacion":"Nov 15, 2021, 2:45:22 AM","estadoRecuento":{"mesasEsperadas":7,"mesasTotalizadas":7,"mesasTotalizadasPorcentaje":100.0,"cantidadElectores":2341,"cantidadVotantes":1744,"participacionPorcentaje":74.49},"valoresTotalizadosPositivos":[{"idAgrupacion":"169","idAgrupacionTelegrama":"502","nombreAgrupacion":"FRENTE DE TODOS","urlLogo":null,"votos":976,"votosPorcentaje":59.07},{"idAgrupacion":"170","idAgrupacionTelegrama":"503","nombreAgrupacion":"CAMBIA MENDOZA","urlLogo":null,"votos":350,"votosPorcentaje":21.18},{"idAgrupacion":"163","idAgrupacionTelegrama":"82","nombreAgrupacion":"COMPROMISO FEDERAL","urlLogo":null,"votos":115,"votosPorcentaje":6.96},{"idAgrupacion":"165","idAgrupacionTelegrama":"181","nombreAgrupacion":"VERDE","urlLogo":null,"votos":82,"votosPorcentaje":4.96},{"idAgrupacion":"168","idAgrupacionTelegrama":"501","nombreAgrupacion":"FRENTE DE IZQUIERDA Y DE TRABAJADORES - UNIDAD","urlLogo":null,"votos":58,"votosPorcentaje":3.51},{"idAgrupacion":"162","idAgrupacionTelegrama":"8","nombreAgrupacion":"FEDERAL","urlLogo":null,"votos":37,"votosPorcentaje":2.23},{"idAgrupacion":"171","idAgrupacionTelegrama":"504","nombreAgrupacion":"VAMOS ! MENDOCINOS","urlLogo":null,"votos":34,"votosPorcentaje":2.05}],"valoresTotalizadosOtros":{"votosNulos":11,"votosNulosPorcentaje":0.63,"votosEnBlanco":79,"votosEnBlancoPorcentaje":4.52,"votosRecurridosComandoImpugnados":2,"votosRecurridosComandoImpugnadosPorcentaje":0.11}}