{"fechaTotalizacion":"Nov 15, 2021, 2:45:22 AM","estadoRecuento":{"mesasEsperadas":83,"mesasTotalizadas":82,"mesasTotalizadasPorcentaje":98.79,"cantidadElectores":28428,"cantidadVotantes":21760,"participacionPorcentaje":76.54},"valoresTotalizadosPositivos":[{"idAgrupacion":"170","idAgrupacionTelegrama":"503","nombreAgrupacion":"CAMBIA MENDOZA","urlLogo":null,"votos":8031,"votosPorcentaje":41.59},{"idAgrupacion":"169","idAgrupacionTelegrama":"502","nombreAgrupacion":"FRENTE DE TODOS","urlLogo":null,"votos":7108,"votosPorcentaje":36.81},{"idAgrupacion":"165","idAgrupacionTelegrama":"181","nombreAgrupacion":"VERDE","urlLogo":null,"votos":1965,"votosPorcentaje":10.17},{"idAgrupacion":"168","idAgrupacionTelegrama":"501","nombreAgrupacion":"FRENTE DE IZQUIERDA Y DE TRABAJADORES - UNIDAD","urlLogo":null,"votos":762,"votosPorcentaje":3.94},{"idAgrupacion":"171","idAgrupacionTelegrama":"504","nombreAgrupacion":"VAMOS ! MENDOCINOS","urlLogo":null,"votos":754,"votosPorcentaje":3.9},{"idAgrupacion":"163","idAgrupacionTelegrama":"82","nombreAgrupacion":"COMPROMISO FEDERAL","urlLogo":null,"votos":453,"votosPorcentaje":2.34},{"idAgrupacion":"162","idAgrupacionTelegrama":"8","nombreAgrupacion":"FEDERAL","urlLogo":null,"votos":235,"votosPorcentaje":1.21}],"valoresTotalizadosOtros":{"votosNulos":396,"votosNulosPorcentaje":1.81,"votosEnBlanco":1988,"votosEnBlancoPorcentaje":9.13,"votosRecurridosComandoImpugnados":68,"votosRecurridosComandoImpugnadosPorcentaje":0.31}}