{"fechaTotalizacion":"Nov 15, 2021, 2:45:22 AM","estadoRecuento":{"mesasEsperadas":42,"mesasTotalizadas":41,"mesasTotalizadasPorcentaje":97.61,"cantidadElectores":14169,"cantidadVotantes":11034,"participacionPorcentaje":77.87},"valoresTotalizadosPositivos":[{"idAgrupacion":"170","idAgrupacionTelegrama":"503","nombreAgrupacion":"CAMBIA MENDOZA","urlLogo":null,"votos":4859,"votosPorcentaje":49.01},{"idAgrupacion":"169","idAgrupacionTelegrama":"502","nombreAgrupacion":"FRENTE DE TODOS","urlLogo":null,"votos":2062,"votosPorcentaje":20.79},{"idAgrupacion":"162","idAgrupacionTelegrama":"8","nombreAgrupacion":"FEDERAL","urlLogo":null,"votos":1006,"votosPorcentaje":10.14},{"idAgrupacion":"165","idAgrupacionTelegrama":"181","nombreAgrupacion":"VERDE","urlLogo":null,"votos":851,"votosPorcentaje":8.58},{"idAgrupacion":"163","idAgrupacionTelegrama":"82","nombreAgrupacion":"COMPROMISO FEDERAL","urlLogo":null,"votos":441,"votosPorcentaje":4.44},{"idAgrupacion":"171","idAgrupacionTelegrama":"504","nombreAgrupacion":"VAMOS ! MENDOCINOS","urlLogo":null,"votos":384,"votosPorcentaje":3.87},{"idAgrupacion":"168","idAgrupacionTelegrama":"501","nombreAgrupacion":"FRENTE DE IZQUIERDA Y DE TRABAJADORES - UNIDAD","urlLogo":null,"votos":311,"votosPorcentaje":3.13}],"valoresTotalizadosOtros":{"votosNulos":155,"votosNulosPorcentaje":1.4,"votosEnBlanco":955,"votosEnBlancoPorcentaje":8.65,"votosRecurridosComandoImpugnados":10,"votosRecurridosComandoImpugnadosPorcentaje":0.09}}