{"fechaTotalizacion":"Nov 15, 2021, 2:45:22 AM","estadoRecuento":{"mesasEsperadas":51,"mesasTotalizadas":51,"mesasTotalizadasPorcentaje":100.0,"cantidadElectores":17851,"cantidadVotantes":13141,"participacionPorcentaje":73.61},"valoresTotalizadosPositivos":[{"idAgrupacion":"170","idAgrupacionTelegrama":"503","nombreAgrupacion":"CAMBIA MENDOZA","urlLogo":null,"votos":5549,"votosPorcentaje":47.03},{"idAgrupacion":"169","idAgrupacionTelegrama":"502","nombreAgrupacion":"FRENTE DE TODOS","urlLogo":null,"votos":3243,"votosPorcentaje":27.48},{"idAgrupacion":"165","idAgrupacionTelegrama":"181","nombreAgrupacion":"VERDE","urlLogo":null,"votos":999,"votosPorcentaje":8.46},{"idAgrupacion":"171","idAgrupacionTelegrama":"504","nombreAgrupacion":"VAMOS ! MENDOCINOS","urlLogo":null,"votos":803,"votosPorcentaje":6.8},{"idAgrupacion":"168","idAgrupacionTelegrama":"501","nombreAgrupacion":"FRENTE DE IZQUIERDA Y DE TRABAJADORES - UNIDAD","urlLogo":null,"votos":625,"votosPorcentaje":5.29},{"idAgrupacion":"162","idAgrupacionTelegrama":"8","nombreAgrupacion":"FEDERAL","urlLogo":null,"votos":290,"votosPorcentaje":2.45},{"idAgrupacion":"163","idAgrupacionTelegrama":"82","nombreAgrupacion":"COMPROMISO FEDERAL","urlLogo":null,"votos":289,"votosPorcentaje":2.44}],"valoresTotalizadosOtros":{"votosNulos":454,"votosNulosPorcentaje":3.45,"votosEnBlanco":858,"votosEnBlancoPorcentaje":6.52,"votosRecurridosComandoImpugnados":31,"votosRecurridosComandoImpugnadosPorcentaje":0.23}}