{"fechaTotalizacion":"Nov 15, 2021, 2:45:22 AM","estadoRecuento":{"mesasEsperadas":18,"mesasTotalizadas":18,"mesasTotalizadasPorcentaje":100.0,"cantidadElectores":6015,"cantidadVotantes":4676,"participacionPorcentaje":77.73},"valoresTotalizadosPositivos":[{"idAgrupacion":"169","idAgrupacionTelegrama":"502","nombreAgrupacion":"FRENTE DE TODOS","urlLogo":null,"votos":1537,"votosPorcentaje":36.75},{"idAgrupacion":"170","idAgrupacionTelegrama":"503","nombreAgrupacion":"CAMBIA MENDOZA","urlLogo":null,"votos":1517,"votosPorcentaje":36.27},{"idAgrupacion":"165","idAgrupacionTelegrama":"181","nombreAgrupacion":"VERDE","urlLogo":null,"votos":396,"votosPorcentaje":9.46},{"idAgrupacion":"168","idAgrupacionTelegrama":"501","nombreAgrupacion":"FRENTE DE IZQUIERDA Y DE TRABAJADORES - UNIDAD","urlLogo":null,"votos":365,"votosPorcentaje":8.72},{"idAgrupacion":"171","idAgrupacionTelegrama":"504","nombreAgrupacion":"VAMOS ! MENDOCINOS","urlLogo":null,"votos":150,"votosPorcentaje":3.58},{"idAgrupacion":"163","idAgrupacionTelegrama":"82","nombreAgrupacion":"COMPROMISO FEDERAL","urlLogo":null,"votos":112,"votosPorcentaje":2.67},{"idAgrupacion":"162","idAgrupacionTelegrama":"8","nombreAgrupacion":"FEDERAL","urlLogo":null,"votos":105,"votosPorcentaje":2.51}],"valoresTotalizadosOtros":{"votosNulos":102,"votosNulosPorcentaje":2.18,"votosEnBlanco":389,"votosEnBlancoPorcentaje":8.31,"votosRecurridosComandoImpugnados":3,"votosRecurridosComandoImpugnadosPorcentaje":0.06}}