{"fechaTotalizacion":"Nov 15, 2021, 2:45:22 AM","estadoRecuento":{"mesasEsperadas":15,"mesasTotalizadas":15,"mesasTotalizadasPorcentaje":100.0,"cantidadElectores":4905,"cantidadVotantes":3527,"participacionPorcentaje":71.9},"valoresTotalizadosPositivos":[{"idAgrupacion":"175","idAgrupacionTelegrama":"502","nombreAgrupacion":"FRENTE RENOVADOR DE LA CONCORDIA","urlLogo":null,"votos":1552,"votosPorcentaje":45.28},{"idAgrupacion":"174","idAgrupacionTelegrama":"501","nombreAgrupacion":"FRENTE JUNTOS POR EL CAMBIO","urlLogo":null,"votos":1017,"votosPorcentaje":29.67},{"idAgrupacion":"176","idAgrupacionTelegrama":"503","nombreAgrupacion":"FRENTE DE TODOS","urlLogo":null,"votos":626,"votosPorcentaje":18.26},{"idAgrupacion":"172","idAgrupacionTelegrama":"71","nombreAgrupacion":"DEL OBRERO","urlLogo":null,"votos":131,"votosPorcentaje":3.82},{"idAgrupacion":"173","idAgrupacionTelegrama":"181","nombreAgrupacion":"LIBERTAD, VALORES Y CAMBIO","urlLogo":null,"votos":101,"votosPorcentaje":2.94}],"valoresTotalizadosOtros":{"votosNulos":40,"votosNulosPorcentaje":1.13,"votosEnBlanco":58,"votosEnBlancoPorcentaje":1.64,"votosRecurridosComandoImpugnados":2,"votosRecurridosComandoImpugnadosPorcentaje":0.05}}