{"fechaTotalizacion":"Nov 15, 2021, 2:45:22 AM","estadoRecuento":{"mesasEsperadas":33,"mesasTotalizadas":33,"mesasTotalizadasPorcentaje":100.0,"cantidadElectores":11201,"cantidadVotantes":8126,"participacionPorcentaje":72.54},"valoresTotalizadosPositivos":[{"idAgrupacion":"174","idAgrupacionTelegrama":"501","nombreAgrupacion":"FRENTE JUNTOS POR EL CAMBIO","urlLogo":null,"votos":3274,"votosPorcentaje":41.6},{"idAgrupacion":"175","idAgrupacionTelegrama":"502","nombreAgrupacion":"FRENTE RENOVADOR DE LA CONCORDIA","urlLogo":null,"votos":3250,"votosPorcentaje":41.29},{"idAgrupacion":"176","idAgrupacionTelegrama":"503","nombreAgrupacion":"FRENTE DE TODOS","urlLogo":null,"votos":1097,"votosPorcentaje":13.93},{"idAgrupacion":"173","idAgrupacionTelegrama":"181","nombreAgrupacion":"LIBERTAD, VALORES Y CAMBIO","urlLogo":null,"votos":125,"votosPorcentaje":1.58},{"idAgrupacion":"172","idAgrupacionTelegrama":"71","nombreAgrupacion":"DEL OBRERO","urlLogo":null,"votos":124,"votosPorcentaje":1.57}],"valoresTotalizadosOtros":{"votosNulos":120,"votosNulosPorcentaje":1.47,"votosEnBlanco":136,"votosEnBlancoPorcentaje":1.67,"votosRecurridosComandoImpugnados":0,"votosRecurridosComandoImpugnadosPorcentaje":0.0}}