{"fechaTotalizacion":"Nov 15, 2021, 2:45:22 AM","estadoRecuento":{"mesasEsperadas":9,"mesasTotalizadas":9,"mesasTotalizadasPorcentaje":100.0,"cantidadElectores":3144,"cantidadVotantes":2360,"participacionPorcentaje":75.06},"valoresTotalizadosPositivos":[{"idAgrupacion":"175","idAgrupacionTelegrama":"502","nombreAgrupacion":"FRENTE RENOVADOR DE LA CONCORDIA","urlLogo":null,"votos":1199,"votosPorcentaje":53.36},{"idAgrupacion":"174","idAgrupacionTelegrama":"501","nombreAgrupacion":"FRENTE JUNTOS POR EL CAMBIO","urlLogo":null,"votos":743,"votosPorcentaje":33.06},{"idAgrupacion":"176","idAgrupacionTelegrama":"503","nombreAgrupacion":"FRENTE DE TODOS","urlLogo":null,"votos":212,"votosPorcentaje":9.43},{"idAgrupacion":"173","idAgrupacionTelegrama":"181","nombreAgrupacion":"LIBERTAD, VALORES Y CAMBIO","urlLogo":null,"votos":54,"votosPorcentaje":2.4},{"idAgrupacion":"172","idAgrupacionTelegrama":"71","nombreAgrupacion":"DEL OBRERO","urlLogo":null,"votos":39,"votosPorcentaje":1.73}],"valoresTotalizadosOtros":{"votosNulos":55,"votosNulosPorcentaje":2.33,"votosEnBlanco":58,"votosEnBlancoPorcentaje":2.45,"votosRecurridosComandoImpugnados":0,"votosRecurridosComandoImpugnadosPorcentaje":0.0}}