{"fechaTotalizacion":"Nov 15, 2021, 2:45:22 AM","estadoRecuento":{"mesasEsperadas":6,"mesasTotalizadas":6,"mesasTotalizadasPorcentaje":100.0,"cantidadElectores":2087,"cantidadVotantes":1515,"participacionPorcentaje":72.59},"valoresTotalizadosPositivos":[{"idAgrupacion":"175","idAgrupacionTelegrama":"502","nombreAgrupacion":"FRENTE RENOVADOR DE LA CONCORDIA","urlLogo":null,"votos":640,"votosPorcentaje":43.74},{"idAgrupacion":"174","idAgrupacionTelegrama":"501","nombreAgrupacion":"FRENTE JUNTOS POR EL CAMBIO","urlLogo":null,"votos":503,"votosPorcentaje":34.38},{"idAgrupacion":"176","idAgrupacionTelegrama":"503","nombreAgrupacion":"FRENTE DE TODOS","urlLogo":null,"votos":222,"votosPorcentaje":15.17},{"idAgrupacion":"172","idAgrupacionTelegrama":"71","nombreAgrupacion":"DEL OBRERO","urlLogo":null,"votos":52,"votosPorcentaje":3.55},{"idAgrupacion":"173","idAgrupacionTelegrama":"181","nombreAgrupacion":"LIBERTAD, VALORES Y CAMBIO","urlLogo":null,"votos":46,"votosPorcentaje":3.14}],"valoresTotalizadosOtros":{"votosNulos":23,"votosNulosPorcentaje":1.51,"votosEnBlanco":21,"votosEnBlancoPorcentaje":1.38,"votosRecurridosComandoImpugnados":8,"votosRecurridosComandoImpugnadosPorcentaje":0.52}}