{"fechaTotalizacion":"Nov 15, 2021, 2:45:22 AM","estadoRecuento":{"mesasEsperadas":43,"mesasTotalizadas":43,"mesasTotalizadasPorcentaje":100.0,"cantidadElectores":14719,"cantidadVotantes":9711,"participacionPorcentaje":65.97},"valoresTotalizadosPositivos":[{"idAgrupacion":"175","idAgrupacionTelegrama":"502","nombreAgrupacion":"FRENTE RENOVADOR DE LA CONCORDIA","urlLogo":null,"votos":4057,"votosPorcentaje":43.52},{"idAgrupacion":"174","idAgrupacionTelegrama":"501","nombreAgrupacion":"FRENTE JUNTOS POR EL CAMBIO","urlLogo":null,"votos":2060,"votosPorcentaje":22.09},{"idAgrupacion":"176","idAgrupacionTelegrama":"503","nombreAgrupacion":"FRENTE DE TODOS","urlLogo":null,"votos":2047,"votosPorcentaje":21.95},{"idAgrupacion":"172","idAgrupacionTelegrama":"71","nombreAgrupacion":"DEL OBRERO","urlLogo":null,"votos":902,"votosPorcentaje":9.67},{"idAgrupacion":"173","idAgrupacionTelegrama":"181","nombreAgrupacion":"LIBERTAD, VALORES Y CAMBIO","urlLogo":null,"votos":256,"votosPorcentaje":2.74}],"valoresTotalizadosOtros":{"votosNulos":35,"votosNulosPorcentaje":0.36,"votosEnBlanco":353,"votosEnBlancoPorcentaje":3.63,"votosRecurridosComandoImpugnados":1,"votosRecurridosComandoImpugnadosPorcentaje":0.01}}