{"fechaTotalizacion":"Nov 15, 2021, 2:45:22 AM","estadoRecuento":{"mesasEsperadas":6,"mesasTotalizadas":6,"mesasTotalizadasPorcentaje":100.0,"cantidadElectores":1810,"cantidadVotantes":1179,"participacionPorcentaje":65.13},"valoresTotalizadosPositivos":[{"idAgrupacion":"176","idAgrupacionTelegrama":"503","nombreAgrupacion":"FRENTE DE TODOS","urlLogo":null,"votos":551,"votosPorcentaje":48.93},{"idAgrupacion":"175","idAgrupacionTelegrama":"502","nombreAgrupacion":"FRENTE RENOVADOR DE LA CONCORDIA","urlLogo":null,"votos":415,"votosPorcentaje":36.85},{"idAgrupacion":"174","idAgrupacionTelegrama":"501","nombreAgrupacion":"FRENTE JUNTOS POR EL CAMBIO","urlLogo":null,"votos":113,"votosPorcentaje":10.03},{"idAgrupacion":"173","idAgrupacionTelegrama":"181","nombreAgrupacion":"LIBERTAD, VALORES Y CAMBIO","urlLogo":null,"votos":29,"votosPorcentaje":2.57},{"idAgrupacion":"172","idAgrupacionTelegrama":"71","nombreAgrupacion":"DEL OBRERO","urlLogo":null,"votos":18,"votosPorcentaje":1.59}],"valoresTotalizadosOtros":{"votosNulos":15,"votosNulosPorcentaje":1.27,"votosEnBlanco":38,"votosEnBlancoPorcentaje":3.22,"votosRecurridosComandoImpugnados":0,"votosRecurridosComandoImpugnadosPorcentaje":0.0}}