{"fechaTotalizacion":"Nov 15, 2021, 2:45:22 AM","estadoRecuento":{"mesasEsperadas":1,"mesasTotalizadas":1,"mesasTotalizadasPorcentaje":100.0,"cantidadElectores":246,"cantidadVotantes":201,"participacionPorcentaje":81.7},"valoresTotalizadosPositivos":[{"idAgrupacion":"180","idAgrupacionTelegrama":"151","nombreAgrupacion":"MOVIMIENTO POPULAR NEUQUINO","urlLogo":null,"votos":99,"votosPorcentaje":52.1},{"idAgrupacion":"182","idAgrupacionTelegrama":"501","nombreAgrupacion":"FRENTE DE TODOS","urlLogo":null,"votos":28,"votosPorcentaje":14.73},{"idAgrupacion":"184","idAgrupacionTelegrama":"503","nombreAgrupacion":"CAMBIA NEUQUÉN","urlLogo":null,"votos":27,"votosPorcentaje":14.21},{"idAgrupacion":"183","idAgrupacionTelegrama":"502","nombreAgrupacion":"FRENTE DE IZQUIERDA Y DE TRABAJADORES - UNIDAD","urlLogo":null,"votos":14,"votosPorcentaje":7.36},{"idAgrupacion":"178","idAgrupacionTelegrama":"47","nombreAgrupacion":"COALICIÓN CÍVICA - AFIRMACIÓN PARA UNA REPÚBLICA IGUALITARIA (ARI)","urlLogo":null,"votos":9,"votosPorcentaje":4.73},{"idAgrupacion":"177","idAgrupacionTelegrama":"40","nombreAgrupacion":"MOVIMIENTO LIBRES DEL SUR","urlLogo":null,"votos":9,"votosPorcentaje":4.73},{"idAgrupacion":"179","idAgrupacionTelegrama":"50","nombreAgrupacion":"SOCIALISTA","urlLogo":null,"votos":4,"votosPorcentaje":2.1}],"valoresTotalizadosOtros":{"votosNulos":0,"votosNulosPorcentaje":0.0,"votosEnBlanco":5,"votosEnBlancoPorcentaje":2.48,"votosRecurridosComandoImpugnados":6,"votosRecurridosComandoImpugnadosPorcentaje":2.98}}