{"fechaTotalizacion":"Nov 15, 2021, 2:45:22 AM","estadoRecuento":{"mesasEsperadas":1,"mesasTotalizadas":1,"mesasTotalizadasPorcentaje":100.0,"cantidadElectores":163,"cantidadVotantes":129,"participacionPorcentaje":79.14},"valoresTotalizadosPositivos":[{"idAgrupacion":"180","idAgrupacionTelegrama":"151","nombreAgrupacion":"MOVIMIENTO POPULAR NEUQUINO","urlLogo":null,"votos":82,"votosPorcentaje":67.21},{"idAgrupacion":"184","idAgrupacionTelegrama":"503","nombreAgrupacion":"CAMBIA NEUQUÉN","urlLogo":null,"votos":10,"votosPorcentaje":8.19},{"idAgrupacion":"182","idAgrupacionTelegrama":"501","nombreAgrupacion":"FRENTE DE TODOS","urlLogo":null,"votos":8,"votosPorcentaje":6.55},{"idAgrupacion":"179","idAgrupacionTelegrama":"50","nombreAgrupacion":"SOCIALISTA","urlLogo":null,"votos":8,"votosPorcentaje":6.55},{"idAgrupacion":"177","idAgrupacionTelegrama":"40","nombreAgrupacion":"MOVIMIENTO LIBRES DEL SUR","urlLogo":null,"votos":7,"votosPorcentaje":5.73},{"idAgrupacion":"178","idAgrupacionTelegrama":"47","nombreAgrupacion":"COALICIÓN CÍVICA - AFIRMACIÓN PARA UNA REPÚBLICA IGUALITARIA (ARI)","urlLogo":null,"votos":4,"votosPorcentaje":3.27},{"idAgrupacion":"183","idAgrupacionTelegrama":"502","nombreAgrupacion":"FRENTE DE IZQUIERDA Y DE TRABAJADORES - UNIDAD","urlLogo":null,"votos":3,"votosPorcentaje":2.45}],"valoresTotalizadosOtros":{"votosNulos":7,"votosNulosPorcentaje":5.42,"votosEnBlanco":0,"votosEnBlancoPorcentaje":0.0,"votosRecurridosComandoImpugnados":0,"votosRecurridosComandoImpugnadosPorcentaje":0.0}}