{"fechaTotalizacion":"Nov 15, 2021, 2:45:22 AM","estadoRecuento":{"mesasEsperadas":9,"mesasTotalizadas":9,"mesasTotalizadasPorcentaje":100.0,"cantidadElectores":3008,"cantidadVotantes":2229,"participacionPorcentaje":74.1},"valoresTotalizadosPositivos":[{"idAgrupacion":"184","idAgrupacionTelegrama":"503","nombreAgrupacion":"CAMBIA NEUQUÉN","urlLogo":null,"votos":640,"votosPorcentaje":30.84},{"idAgrupacion":"180","idAgrupacionTelegrama":"151","nombreAgrupacion":"MOVIMIENTO POPULAR NEUQUINO","urlLogo":null,"votos":634,"votosPorcentaje":30.55},{"idAgrupacion":"182","idAgrupacionTelegrama":"501","nombreAgrupacion":"FRENTE DE TODOS","urlLogo":null,"votos":355,"votosPorcentaje":17.1},{"idAgrupacion":"183","idAgrupacionTelegrama":"502","nombreAgrupacion":"FRENTE DE IZQUIERDA Y DE TRABAJADORES - UNIDAD","urlLogo":null,"votos":155,"votosPorcentaje":7.46},{"idAgrupacion":"178","idAgrupacionTelegrama":"47","nombreAgrupacion":"COALICIÓN CÍVICA - AFIRMACIÓN PARA UNA REPÚBLICA IGUALITARIA (ARI)","urlLogo":null,"votos":148,"votosPorcentaje":7.13},{"idAgrupacion":"177","idAgrupacionTelegrama":"40","nombreAgrupacion":"MOVIMIENTO LIBRES DEL SUR","urlLogo":null,"votos":93,"votosPorcentaje":4.48},{"idAgrupacion":"179","idAgrupacionTelegrama":"50","nombreAgrupacion":"SOCIALISTA","urlLogo":null,"votos":50,"votosPorcentaje":2.4}],"valoresTotalizadosOtros":{"votosNulos":124,"votosNulosPorcentaje":5.56,"votosEnBlanco":28,"votosEnBlancoPorcentaje":1.25,"votosRecurridosComandoImpugnados":2,"votosRecurridosComandoImpugnadosPorcentaje":0.08}}