{"fechaTotalizacion":"Nov 15, 2021, 2:45:22 AM","estadoRecuento":{"mesasEsperadas":39,"mesasTotalizadas":39,"mesasTotalizadasPorcentaje":100.0,"cantidadElectores":13257,"cantidadVotantes":10273,"participacionPorcentaje":77.49},"valoresTotalizadosPositivos":[{"idAgrupacion":"180","idAgrupacionTelegrama":"151","nombreAgrupacion":"MOVIMIENTO POPULAR NEUQUINO","urlLogo":null,"votos":4029,"votosPorcentaje":42.08},{"idAgrupacion":"184","idAgrupacionTelegrama":"503","nombreAgrupacion":"CAMBIA NEUQUÉN","urlLogo":null,"votos":1927,"votosPorcentaje":20.12},{"idAgrupacion":"182","idAgrupacionTelegrama":"501","nombreAgrupacion":"FRENTE DE TODOS","urlLogo":null,"votos":1501,"votosPorcentaje":15.67},{"idAgrupacion":"183","idAgrupacionTelegrama":"502","nombreAgrupacion":"FRENTE DE IZQUIERDA Y DE TRABAJADORES - UNIDAD","urlLogo":null,"votos":631,"votosPorcentaje":6.59},{"idAgrupacion":"177","idAgrupacionTelegrama":"40","nombreAgrupacion":"MOVIMIENTO LIBRES DEL SUR","urlLogo":null,"votos":562,"votosPorcentaje":5.87},{"idAgrupacion":"179","idAgrupacionTelegrama":"50","nombreAgrupacion":"SOCIALISTA","urlLogo":null,"votos":496,"votosPorcentaje":5.18},{"idAgrupacion":"178","idAgrupacionTelegrama":"47","nombreAgrupacion":"COALICIÓN CÍVICA - AFIRMACIÓN PARA UNA REPÚBLICA IGUALITARIA (ARI)","urlLogo":null,"votos":428,"votosPorcentaje":4.47}],"valoresTotalizadosOtros":{"votosNulos":589,"votosNulosPorcentaje":5.73,"votosEnBlanco":107,"votosEnBlancoPorcentaje":1.04,"votosRecurridosComandoImpugnados":3,"votosRecurridosComandoImpugnadosPorcentaje":0.02}}