{"fechaTotalizacion":"Nov 15, 2021, 2:45:22 AM","estadoRecuento":{"mesasEsperadas":55,"mesasTotalizadas":55,"mesasTotalizadasPorcentaje":100.0,"cantidadElectores":19032,"cantidadVotantes":14555,"participacionPorcentaje":76.47},"valoresTotalizadosPositivos":[{"idAgrupacion":"180","idAgrupacionTelegrama":"151","nombreAgrupacion":"MOVIMIENTO POPULAR NEUQUINO","urlLogo":null,"votos":3480,"votosPorcentaje":25.02},{"idAgrupacion":"184","idAgrupacionTelegrama":"503","nombreAgrupacion":"CAMBIA NEUQUÉN","urlLogo":null,"votos":3423,"votosPorcentaje":24.61},{"idAgrupacion":"178","idAgrupacionTelegrama":"47","nombreAgrupacion":"COALICIÓN CÍVICA - AFIRMACIÓN PARA UNA REPÚBLICA IGUALITARIA (ARI)","urlLogo":null,"votos":2959,"votosPorcentaje":21.27},{"idAgrupacion":"182","idAgrupacionTelegrama":"501","nombreAgrupacion":"FRENTE DE TODOS","urlLogo":null,"votos":2120,"votosPorcentaje":15.24},{"idAgrupacion":"183","idAgrupacionTelegrama":"502","nombreAgrupacion":"FRENTE DE IZQUIERDA Y DE TRABAJADORES - UNIDAD","urlLogo":null,"votos":1239,"votosPorcentaje":8.9},{"idAgrupacion":"177","idAgrupacionTelegrama":"40","nombreAgrupacion":"MOVIMIENTO LIBRES DEL SUR","urlLogo":null,"votos":395,"votosPorcentaje":2.84},{"idAgrupacion":"179","idAgrupacionTelegrama":"50","nombreAgrupacion":"SOCIALISTA","urlLogo":null,"votos":292,"votosPorcentaje":2.09}],"valoresTotalizadosOtros":{"votosNulos":490,"votosNulosPorcentaje":3.36,"votosEnBlanco":144,"votosEnBlancoPorcentaje":0.98,"votosRecurridosComandoImpugnados":13,"votosRecurridosComandoImpugnadosPorcentaje":0.08}}