{"fechaTotalizacion":"Nov 15, 2021, 2:45:22 AM","estadoRecuento":{"mesasEsperadas":30,"mesasTotalizadas":30,"mesasTotalizadasPorcentaje":100.0,"cantidadElectores":10289,"cantidadVotantes":7915,"participacionPorcentaje":76.92},"valoresTotalizadosPositivos":[{"idAgrupacion":"184","idAgrupacionTelegrama":"503","nombreAgrupacion":"CAMBIA NEUQUÉN","urlLogo":null,"votos":2548,"votosPorcentaje":33.31},{"idAgrupacion":"180","idAgrupacionTelegrama":"151","nombreAgrupacion":"MOVIMIENTO POPULAR NEUQUINO","urlLogo":null,"votos":1552,"votosPorcentaje":20.29},{"idAgrupacion":"178","idAgrupacionTelegrama":"47","nombreAgrupacion":"COALICIÓN CÍVICA - AFIRMACIÓN PARA UNA REPÚBLICA IGUALITARIA (ARI)","urlLogo":null,"votos":1423,"votosPorcentaje":18.6},{"idAgrupacion":"182","idAgrupacionTelegrama":"501","nombreAgrupacion":"FRENTE DE TODOS","urlLogo":null,"votos":1194,"votosPorcentaje":15.6},{"idAgrupacion":"183","idAgrupacionTelegrama":"502","nombreAgrupacion":"FRENTE DE IZQUIERDA Y DE TRABAJADORES - UNIDAD","urlLogo":null,"votos":571,"votosPorcentaje":7.46},{"idAgrupacion":"177","idAgrupacionTelegrama":"40","nombreAgrupacion":"MOVIMIENTO LIBRES DEL SUR","urlLogo":null,"votos":203,"votosPorcentaje":2.65},{"idAgrupacion":"179","idAgrupacionTelegrama":"50","nombreAgrupacion":"SOCIALISTA","urlLogo":null,"votos":158,"votosPorcentaje":2.06}],"valoresTotalizadosOtros":{"votosNulos":194,"votosNulosPorcentaje":2.45,"votosEnBlanco":70,"votosEnBlancoPorcentaje":0.88,"votosRecurridosComandoImpugnados":2,"votosRecurridosComandoImpugnadosPorcentaje":0.02}}