{"fechaTotalizacion":"Nov 15, 2021, 2:45:22 AM","estadoRecuento":{"mesasEsperadas":15,"mesasTotalizadas":15,"mesasTotalizadasPorcentaje":100.0,"cantidadElectores":4958,"cantidadVotantes":3611,"participacionPorcentaje":72.83},"valoresTotalizadosPositivos":[{"idAgrupacion":"180","idAgrupacionTelegrama":"151","nombreAgrupacion":"MOVIMIENTO POPULAR NEUQUINO","urlLogo":null,"votos":1276,"votosPorcentaje":38.89},{"idAgrupacion":"184","idAgrupacionTelegrama":"503","nombreAgrupacion":"CAMBIA NEUQUÉN","urlLogo":null,"votos":816,"votosPorcentaje":24.87},{"idAgrupacion":"182","idAgrupacionTelegrama":"501","nombreAgrupacion":"FRENTE DE TODOS","urlLogo":null,"votos":514,"votosPorcentaje":15.66},{"idAgrupacion":"177","idAgrupacionTelegrama":"40","nombreAgrupacion":"MOVIMIENTO LIBRES DEL SUR","urlLogo":null,"votos":217,"votosPorcentaje":6.61},{"idAgrupacion":"178","idAgrupacionTelegrama":"47","nombreAgrupacion":"COALICIÓN CÍVICA - AFIRMACIÓN PARA UNA REPÚBLICA IGUALITARIA (ARI)","urlLogo":null,"votos":207,"votosPorcentaje":6.3},{"idAgrupacion":"183","idAgrupacionTelegrama":"502","nombreAgrupacion":"FRENTE DE IZQUIERDA Y DE TRABAJADORES - UNIDAD","urlLogo":null,"votos":189,"votosPorcentaje":5.76},{"idAgrupacion":"179","idAgrupacionTelegrama":"50","nombreAgrupacion":"SOCIALISTA","urlLogo":null,"votos":62,"votosPorcentaje":1.88}],"valoresTotalizadosOtros":{"votosNulos":247,"votosNulosPorcentaje":6.84,"votosEnBlanco":79,"votosEnBlancoPorcentaje":2.18,"votosRecurridosComandoImpugnados":4,"votosRecurridosComandoImpugnadosPorcentaje":0.11}}