{"fechaTotalizacion":"Nov 15, 2021, 2:45:22 AM","estadoRecuento":{"mesasEsperadas":11,"mesasTotalizadas":10,"mesasTotalizadasPorcentaje":90.9,"cantidadElectores":3442,"cantidadVotantes":2598,"participacionPorcentaje":75.47},"valoresTotalizadosPositivos":[{"idAgrupacion":"190","idAgrupacionTelegrama":"504","nombreAgrupacion":"JUNTOS POR EL CAMBIO","urlLogo":null,"votos":1128,"votosPorcentaje":45.76},{"idAgrupacion":"188","idAgrupacionTelegrama":"502","nombreAgrupacion":"JUNTOS SOMOS RIO NEGRO","urlLogo":null,"votos":724,"votosPorcentaje":29.37},{"idAgrupacion":"187","idAgrupacionTelegrama":"501","nombreAgrupacion":"FRENTE DE TODOS","urlLogo":null,"votos":443,"votosPorcentaje":17.97},{"idAgrupacion":"189","idAgrupacionTelegrama":"503","nombreAgrupacion":"FRENTE DE IZQUIERDA Y DE TRABAJADORES - UNIDAD","urlLogo":null,"votos":118,"votosPorcentaje":4.78},{"idAgrupacion":"185","idAgrupacionTelegrama":"50","nombreAgrupacion":"SOCIALISTA","urlLogo":null,"votos":33,"votosPorcentaje":1.33},{"idAgrupacion":"186","idAgrupacionTelegrama":"165","nombreAgrupacion":"MOVIMIENTO AL SOCIALISMO","urlLogo":null,"votos":19,"votosPorcentaje":0.77}],"valoresTotalizadosOtros":{"votosNulos":110,"votosNulosPorcentaje":4.23,"votosEnBlanco":23,"votosEnBlancoPorcentaje":0.88,"votosRecurridosComandoImpugnados":0,"votosRecurridosComandoImpugnadosPorcentaje":0.0}}