{"fechaTotalizacion":"Nov 15, 2021, 2:45:22 AM","estadoRecuento":{"mesasEsperadas":7,"mesasTotalizadas":7,"mesasTotalizadasPorcentaje":100.0,"cantidadElectores":2448,"cantidadVotantes":1901,"participacionPorcentaje":77.65},"valoresTotalizadosPositivos":[{"idAgrupacion":"187","idAgrupacionTelegrama":"501","nombreAgrupacion":"FRENTE DE TODOS","urlLogo":null,"votos":851,"votosPorcentaje":48.32},{"idAgrupacion":"188","idAgrupacionTelegrama":"502","nombreAgrupacion":"JUNTOS SOMOS RIO NEGRO","urlLogo":null,"votos":621,"votosPorcentaje":35.26},{"idAgrupacion":"190","idAgrupacionTelegrama":"504","nombreAgrupacion":"JUNTOS POR EL CAMBIO","urlLogo":null,"votos":149,"votosPorcentaje":8.46},{"idAgrupacion":"189","idAgrupacionTelegrama":"503","nombreAgrupacion":"FRENTE DE IZQUIERDA Y DE TRABAJADORES - UNIDAD","urlLogo":null,"votos":77,"votosPorcentaje":4.37},{"idAgrupacion":"186","idAgrupacionTelegrama":"165","nombreAgrupacion":"MOVIMIENTO AL SOCIALISMO","urlLogo":null,"votos":32,"votosPorcentaje":1.81},{"idAgrupacion":"185","idAgrupacionTelegrama":"50","nombreAgrupacion":"SOCIALISTA","urlLogo":null,"votos":31,"votosPorcentaje":1.76}],"valoresTotalizadosOtros":{"votosNulos":109,"votosNulosPorcentaje":5.73,"votosEnBlanco":31,"votosEnBlancoPorcentaje":1.63,"votosRecurridosComandoImpugnados":0,"votosRecurridosComandoImpugnadosPorcentaje":0.0}}