{"fechaTotalizacion":"Nov 15, 2021, 2:45:22 AM","estadoRecuento":{"mesasEsperadas":5,"mesasTotalizadas":5,"mesasTotalizadasPorcentaje":100.0,"cantidadElectores":1746,"cantidadVotantes":1344,"participacionPorcentaje":76.97},"valoresTotalizadosPositivos":[{"idAgrupacion":"187","idAgrupacionTelegrama":"501","nombreAgrupacion":"FRENTE DE TODOS","urlLogo":null,"votos":511,"votosPorcentaje":40.52},{"idAgrupacion":"188","idAgrupacionTelegrama":"502","nombreAgrupacion":"JUNTOS SOMOS RIO NEGRO","urlLogo":null,"votos":389,"votosPorcentaje":30.84},{"idAgrupacion":"190","idAgrupacionTelegrama":"504","nombreAgrupacion":"JUNTOS POR EL CAMBIO","urlLogo":null,"votos":260,"votosPorcentaje":20.61},{"idAgrupacion":"189","idAgrupacionTelegrama":"503","nombreAgrupacion":"FRENTE DE IZQUIERDA Y DE TRABAJADORES - UNIDAD","urlLogo":null,"votos":54,"votosPorcentaje":4.28},{"idAgrupacion":"186","idAgrupacionTelegrama":"165","nombreAgrupacion":"MOVIMIENTO AL SOCIALISMO","urlLogo":null,"votos":29,"votosPorcentaje":2.29},{"idAgrupacion":"185","idAgrupacionTelegrama":"50","nombreAgrupacion":"SOCIALISTA","urlLogo":null,"votos":18,"votosPorcentaje":1.42}],"valoresTotalizadosOtros":{"votosNulos":66,"votosNulosPorcentaje":4.91,"votosEnBlanco":15,"votosEnBlancoPorcentaje":1.11,"votosRecurridosComandoImpugnados":2,"votosRecurridosComandoImpugnadosPorcentaje":0.14}}