{"fechaTotalizacion":"Nov 15, 2021, 2:45:22 AM","estadoRecuento":{"mesasEsperadas":10,"mesasTotalizadas":10,"mesasTotalizadasPorcentaje":100.0,"cantidadElectores":3204,"cantidadVotantes":2159,"participacionPorcentaje":67.38},"valoresTotalizadosPositivos":[{"idAgrupacion":"188","idAgrupacionTelegrama":"502","nombreAgrupacion":"JUNTOS SOMOS RIO NEGRO","urlLogo":null,"votos":1311,"votosPorcentaje":65.15},{"idAgrupacion":"187","idAgrupacionTelegrama":"501","nombreAgrupacion":"FRENTE DE TODOS","urlLogo":null,"votos":379,"votosPorcentaje":18.83},{"idAgrupacion":"190","idAgrupacionTelegrama":"504","nombreAgrupacion":"JUNTOS POR EL CAMBIO","urlLogo":null,"votos":201,"votosPorcentaje":9.99},{"idAgrupacion":"189","idAgrupacionTelegrama":"503","nombreAgrupacion":"FRENTE DE IZQUIERDA Y DE TRABAJADORES - UNIDAD","urlLogo":null,"votos":55,"votosPorcentaje":2.73},{"idAgrupacion":"185","idAgrupacionTelegrama":"50","nombreAgrupacion":"SOCIALISTA","urlLogo":null,"votos":36,"votosPorcentaje":1.78},{"idAgrupacion":"186","idAgrupacionTelegrama":"165","nombreAgrupacion":"MOVIMIENTO AL SOCIALISMO","urlLogo":null,"votos":30,"votosPorcentaje":1.49}],"valoresTotalizadosOtros":{"votosNulos":111,"votosNulosPorcentaje":5.14,"votosEnBlanco":36,"votosEnBlancoPorcentaje":1.66,"votosRecurridosComandoImpugnados":0,"votosRecurridosComandoImpugnadosPorcentaje":0.0}}