{"fechaTotalizacion":"Nov 15, 2021, 2:45:22 AM","estadoRecuento":{"mesasEsperadas":17,"mesasTotalizadas":17,"mesasTotalizadasPorcentaje":100.0,"cantidadElectores":5685,"cantidadVotantes":3517,"participacionPorcentaje":61.86},"valoresTotalizadosPositivos":[{"idAgrupacion":"190","idAgrupacionTelegrama":"504","nombreAgrupacion":"JUNTOS POR EL CAMBIO","urlLogo":null,"votos":1262,"votosPorcentaje":37.66},{"idAgrupacion":"188","idAgrupacionTelegrama":"502","nombreAgrupacion":"JUNTOS SOMOS RIO NEGRO","urlLogo":null,"votos":1181,"votosPorcentaje":35.24},{"idAgrupacion":"187","idAgrupacionTelegrama":"501","nombreAgrupacion":"FRENTE DE TODOS","urlLogo":null,"votos":712,"votosPorcentaje":21.24},{"idAgrupacion":"189","idAgrupacionTelegrama":"503","nombreAgrupacion":"FRENTE DE IZQUIERDA Y DE TRABAJADORES - UNIDAD","urlLogo":null,"votos":110,"votosPorcentaje":3.28},{"idAgrupacion":"185","idAgrupacionTelegrama":"50","nombreAgrupacion":"SOCIALISTA","urlLogo":null,"votos":46,"votosPorcentaje":1.37},{"idAgrupacion":"186","idAgrupacionTelegrama":"165","nombreAgrupacion":"MOVIMIENTO AL SOCIALISMO","urlLogo":null,"votos":40,"votosPorcentaje":1.19}],"valoresTotalizadosOtros":{"votosNulos":132,"votosNulosPorcentaje":3.75,"votosEnBlanco":34,"votosEnBlancoPorcentaje":0.96,"votosRecurridosComandoImpugnados":0,"votosRecurridosComandoImpugnadosPorcentaje":0.0}}