{"fechaTotalizacion":"Nov 15, 2021, 2:45:22 AM","estadoRecuento":{"mesasEsperadas":10,"mesasTotalizadas":10,"mesasTotalizadasPorcentaje":100.0,"cantidadElectores":3220,"cantidadVotantes":2257,"participacionPorcentaje":70.09},"valoresTotalizadosPositivos":[{"idAgrupacion":"188","idAgrupacionTelegrama":"502","nombreAgrupacion":"JUNTOS SOMOS RIO NEGRO","urlLogo":null,"votos":977,"votosPorcentaje":46.5},{"idAgrupacion":"187","idAgrupacionTelegrama":"501","nombreAgrupacion":"FRENTE DE TODOS","urlLogo":null,"votos":573,"votosPorcentaje":27.27},{"idAgrupacion":"190","idAgrupacionTelegrama":"504","nombreAgrupacion":"JUNTOS POR EL CAMBIO","urlLogo":null,"votos":328,"votosPorcentaje":15.61},{"idAgrupacion":"189","idAgrupacionTelegrama":"503","nombreAgrupacion":"FRENTE DE IZQUIERDA Y DE TRABAJADORES - UNIDAD","urlLogo":null,"votos":128,"votosPorcentaje":6.09},{"idAgrupacion":"186","idAgrupacionTelegrama":"165","nombreAgrupacion":"MOVIMIENTO AL SOCIALISMO","urlLogo":null,"votos":62,"votosPorcentaje":2.95},{"idAgrupacion":"185","idAgrupacionTelegrama":"50","nombreAgrupacion":"SOCIALISTA","urlLogo":null,"votos":33,"votosPorcentaje":1.57}],"valoresTotalizadosOtros":{"votosNulos":128,"votosNulosPorcentaje":5.67,"votosEnBlanco":28,"votosEnBlancoPorcentaje":1.24,"votosRecurridosComandoImpugnados":0,"votosRecurridosComandoImpugnadosPorcentaje":0.0}}