{"fechaTotalizacion":"Nov 15, 2021, 2:45:22 AM","estadoRecuento":{"mesasEsperadas":11,"mesasTotalizadas":11,"mesasTotalizadasPorcentaje":100.0,"cantidadElectores":3631,"cantidadVotantes":2778,"participacionPorcentaje":76.5},"valoresTotalizadosPositivos":[{"idAgrupacion":"188","idAgrupacionTelegrama":"502","nombreAgrupacion":"JUNTOS SOMOS RIO NEGRO","urlLogo":null,"votos":1091,"votosPorcentaje":43.19},{"idAgrupacion":"187","idAgrupacionTelegrama":"501","nombreAgrupacion":"FRENTE DE TODOS","urlLogo":null,"votos":1011,"votosPorcentaje":40.02},{"idAgrupacion":"190","idAgrupacionTelegrama":"504","nombreAgrupacion":"JUNTOS POR EL CAMBIO","urlLogo":null,"votos":320,"votosPorcentaje":12.66},{"idAgrupacion":"189","idAgrupacionTelegrama":"503","nombreAgrupacion":"FRENTE DE IZQUIERDA Y DE TRABAJADORES - UNIDAD","urlLogo":null,"votos":76,"votosPorcentaje":3.0},{"idAgrupacion":"186","idAgrupacionTelegrama":"165","nombreAgrupacion":"MOVIMIENTO AL SOCIALISMO","urlLogo":null,"votos":14,"votosPorcentaje":0.55},{"idAgrupacion":"185","idAgrupacionTelegrama":"50","nombreAgrupacion":"SOCIALISTA","urlLogo":null,"votos":14,"votosPorcentaje":0.55}],"valoresTotalizadosOtros":{"votosNulos":97,"votosNulosPorcentaje":3.49,"votosEnBlanco":155,"votosEnBlancoPorcentaje":5.57,"votosRecurridosComandoImpugnados":0,"votosRecurridosComandoImpugnadosPorcentaje":0.0}}