{"fechaTotalizacion":"Nov 15, 2021, 2:45:22 AM","estadoRecuento":{"mesasEsperadas":41,"mesasTotalizadas":41,"mesasTotalizadasPorcentaje":100.0,"cantidadElectores":14180,"cantidadVotantes":10304,"participacionPorcentaje":72.66},"valoresTotalizadosPositivos":[{"idAgrupacion":"194","idAgrupacionTelegrama":"501","nombreAgrupacion":"JUNTOS POR EL CAMBIO +","urlLogo":null,"votos":3226,"votosPorcentaje":33.98},{"idAgrupacion":"196","idAgrupacionTelegrama":"503","nombreAgrupacion":"FRENTE SI + PRS","urlLogo":null,"votos":1888,"votosPorcentaje":19.89},{"idAgrupacion":"198","idAgrupacionTelegrama":"505","nombreAgrupacion":"FRENTE DE TODOS","urlLogo":null,"votos":1823,"votosPorcentaje":19.2},{"idAgrupacion":"197","idAgrupacionTelegrama":"504","nombreAgrupacion":"UNIDOS POR SALTA","urlLogo":null,"votos":1194,"votosPorcentaje":12.57},{"idAgrupacion":"192","idAgrupacionTelegrama":"227","nombreAgrupacion":"FELICIDAD","urlLogo":null,"votos":536,"votosPorcentaje":5.64},{"idAgrupacion":"195","idAgrupacionTelegrama":"502","nombreAgrupacion":"FRENTE DE IZQUIERDA Y DE TRABAJADORES - UNIDAD","urlLogo":null,"votos":490,"votosPorcentaje":5.16},{"idAgrupacion":"191","idAgrupacionTelegrama":"189","nombreAgrupacion":"POLITICA OBRERA","urlLogo":null,"votos":335,"votosPorcentaje":3.52}],"valoresTotalizadosOtros":{"votosNulos":446,"votosNulosPorcentaje":4.32,"votosEnBlanco":340,"votosEnBlancoPorcentaje":3.29,"votosRecurridosComandoImpugnados":26,"votosRecurridosComandoImpugnadosPorcentaje":0.25}}