{"fechaTotalizacion":"Nov 15, 2021, 2:45:22 AM","estadoRecuento":{"mesasEsperadas":1,"mesasTotalizadas":1,"mesasTotalizadasPorcentaje":100.0,"cantidadElectores":99,"cantidadVotantes":66,"participacionPorcentaje":66.66},"valoresTotalizadosPositivos":[{"idAgrupacion":"194","idAgrupacionTelegrama":"501","nombreAgrupacion":"JUNTOS POR EL CAMBIO +","urlLogo":null,"votos":25,"votosPorcentaje":37.87},{"idAgrupacion":"198","idAgrupacionTelegrama":"505","nombreAgrupacion":"FRENTE DE TODOS","urlLogo":null,"votos":21,"votosPorcentaje":31.81},{"idAgrupacion":"196","idAgrupacionTelegrama":"503","nombreAgrupacion":"FRENTE SI + PRS","urlLogo":null,"votos":9,"votosPorcentaje":13.63},{"idAgrupacion":"192","idAgrupacionTelegrama":"227","nombreAgrupacion":"FELICIDAD","urlLogo":null,"votos":8,"votosPorcentaje":12.12},{"idAgrupacion":"195","idAgrupacionTelegrama":"502","nombreAgrupacion":"FRENTE DE IZQUIERDA Y DE TRABAJADORES - UNIDAD","urlLogo":null,"votos":2,"votosPorcentaje":3.03},{"idAgrupacion":"191","idAgrupacionTelegrama":"189","nombreAgrupacion":"POLITICA OBRERA","urlLogo":null,"votos":1,"votosPorcentaje":1.51},{"idAgrupacion":"197","idAgrupacionTelegrama":"504","nombreAgrupacion":"UNIDOS POR SALTA","urlLogo":null,"votos":0,"votosPorcentaje":0.0}],"valoresTotalizadosOtros":{"votosNulos":0,"votosNulosPorcentaje":0.0,"votosEnBlanco":0,"votosEnBlancoPorcentaje":0.0,"votosRecurridosComandoImpugnados":0,"votosRecurridosComandoImpugnadosPorcentaje":0.0}}