{"fechaTotalizacion":"Nov 15, 2021, 2:45:22 AM","estadoRecuento":{"mesasEsperadas":11,"mesasTotalizadas":11,"mesasTotalizadasPorcentaje":100.0,"cantidadElectores":3822,"cantidadVotantes":2623,"participacionPorcentaje":68.62},"valoresTotalizadosPositivos":[{"idAgrupacion":"198","idAgrupacionTelegrama":"505","nombreAgrupacion":"FRENTE DE TODOS","urlLogo":null,"votos":854,"votosPorcentaje":35.05},{"idAgrupacion":"194","idAgrupacionTelegrama":"501","nombreAgrupacion":"JUNTOS POR EL CAMBIO +","urlLogo":null,"votos":556,"votosPorcentaje":22.82},{"idAgrupacion":"196","idAgrupacionTelegrama":"503","nombreAgrupacion":"FRENTE SI + PRS","urlLogo":null,"votos":390,"votosPorcentaje":16.0},{"idAgrupacion":"197","idAgrupacionTelegrama":"504","nombreAgrupacion":"UNIDOS POR SALTA","urlLogo":null,"votos":298,"votosPorcentaje":12.23},{"idAgrupacion":"195","idAgrupacionTelegrama":"502","nombreAgrupacion":"FRENTE DE IZQUIERDA Y DE TRABAJADORES - UNIDAD","urlLogo":null,"votos":136,"votosPorcentaje":5.58},{"idAgrupacion":"192","idAgrupacionTelegrama":"227","nombreAgrupacion":"FELICIDAD","urlLogo":null,"votos":113,"votosPorcentaje":4.63},{"idAgrupacion":"191","idAgrupacionTelegrama":"189","nombreAgrupacion":"POLITICA OBRERA","urlLogo":null,"votos":89,"votosPorcentaje":3.65}],"valoresTotalizadosOtros":{"votosNulos":100,"votosNulosPorcentaje":3.81,"votosEnBlanco":85,"votosEnBlancoPorcentaje":3.24,"votosRecurridosComandoImpugnados":2,"votosRecurridosComandoImpugnadosPorcentaje":0.07}}