{"fechaTotalizacion":"Nov 15, 2021, 2:45:22 AM","estadoRecuento":{"mesasEsperadas":1,"mesasTotalizadas":1,"mesasTotalizadasPorcentaje":100.0,"cantidadElectores":147,"cantidadVotantes":99,"participacionPorcentaje":67.34},"valoresTotalizadosPositivos":[{"idAgrupacion":"194","idAgrupacionTelegrama":"501","nombreAgrupacion":"JUNTOS POR EL CAMBIO +","urlLogo":null,"votos":39,"votosPorcentaje":39.39},{"idAgrupacion":"198","idAgrupacionTelegrama":"505","nombreAgrupacion":"FRENTE DE TODOS","urlLogo":null,"votos":37,"votosPorcentaje":37.37},{"idAgrupacion":"197","idAgrupacionTelegrama":"504","nombreAgrupacion":"UNIDOS POR SALTA","urlLogo":null,"votos":10,"votosPorcentaje":10.1},{"idAgrupacion":"196","idAgrupacionTelegrama":"503","nombreAgrupacion":"FRENTE SI + PRS","urlLogo":null,"votos":6,"votosPorcentaje":6.06},{"idAgrupacion":"195","idAgrupacionTelegrama":"502","nombreAgrupacion":"FRENTE DE IZQUIERDA Y DE TRABAJADORES - UNIDAD","urlLogo":null,"votos":4,"votosPorcentaje":4.04},{"idAgrupacion":"192","idAgrupacionTelegrama":"227","nombreAgrupacion":"FELICIDAD","urlLogo":null,"votos":3,"votosPorcentaje":3.03},{"idAgrupacion":"191","idAgrupacionTelegrama":"189","nombreAgrupacion":"POLITICA OBRERA","urlLogo":null,"votos":0,"votosPorcentaje":0.0}],"valoresTotalizadosOtros":{"votosNulos":0,"votosNulosPorcentaje":0.0,"votosEnBlanco":0,"votosEnBlancoPorcentaje":0.0,"votosRecurridosComandoImpugnados":0,"votosRecurridosComandoImpugnadosPorcentaje":0.0}}