{"fechaTotalizacion":"Nov 15, 2021, 2:45:22 AM","estadoRecuento":{"mesasEsperadas":6,"mesasTotalizadas":6,"mesasTotalizadasPorcentaje":100.0,"cantidadElectores":1963,"cantidadVotantes":826,"participacionPorcentaje":42.07},"valoresTotalizadosPositivos":[{"idAgrupacion":"198","idAgrupacionTelegrama":"505","nombreAgrupacion":"FRENTE DE TODOS","urlLogo":null,"votos":405,"votosPorcentaje":51.0},{"idAgrupacion":"194","idAgrupacionTelegrama":"501","nombreAgrupacion":"JUNTOS POR EL CAMBIO +","urlLogo":null,"votos":273,"votosPorcentaje":34.38},{"idAgrupacion":"196","idAgrupacionTelegrama":"503","nombreAgrupacion":"FRENTE SI + PRS","urlLogo":null,"votos":36,"votosPorcentaje":4.53},{"idAgrupacion":"197","idAgrupacionTelegrama":"504","nombreAgrupacion":"UNIDOS POR SALTA","urlLogo":null,"votos":35,"votosPorcentaje":4.4},{"idAgrupacion":"195","idAgrupacionTelegrama":"502","nombreAgrupacion":"FRENTE DE IZQUIERDA Y DE TRABAJADORES - UNIDAD","urlLogo":null,"votos":23,"votosPorcentaje":2.89},{"idAgrupacion":"191","idAgrupacionTelegrama":"189","nombreAgrupacion":"POLITICA OBRERA","urlLogo":null,"votos":16,"votosPorcentaje":2.01},{"idAgrupacion":"192","idAgrupacionTelegrama":"227","nombreAgrupacion":"FELICIDAD","urlLogo":null,"votos":6,"votosPorcentaje":0.75}],"valoresTotalizadosOtros":{"votosNulos":14,"votosNulosPorcentaje":1.69,"votosEnBlanco":16,"votosEnBlancoPorcentaje":1.93,"votosRecurridosComandoImpugnados":2,"votosRecurridosComandoImpugnadosPorcentaje":0.24}}