{"fechaTotalizacion":"Nov 15, 2021, 2:45:22 AM","estadoRecuento":{"mesasEsperadas":24,"mesasTotalizadas":24,"mesasTotalizadasPorcentaje":100.0,"cantidadElectores":8224,"cantidadVotantes":5075,"participacionPorcentaje":61.7},"valoresTotalizadosPositivos":[{"idAgrupacion":"198","idAgrupacionTelegrama":"505","nombreAgrupacion":"FRENTE DE TODOS","urlLogo":null,"votos":2072,"votosPorcentaje":43.08},{"idAgrupacion":"194","idAgrupacionTelegrama":"501","nombreAgrupacion":"JUNTOS POR EL CAMBIO +","urlLogo":null,"votos":1638,"votosPorcentaje":34.06},{"idAgrupacion":"197","idAgrupacionTelegrama":"504","nombreAgrupacion":"UNIDOS POR SALTA","urlLogo":null,"votos":476,"votosPorcentaje":9.89},{"idAgrupacion":"196","idAgrupacionTelegrama":"503","nombreAgrupacion":"FRENTE SI + PRS","urlLogo":null,"votos":317,"votosPorcentaje":6.59},{"idAgrupacion":"192","idAgrupacionTelegrama":"227","nombreAgrupacion":"FELICIDAD","urlLogo":null,"votos":108,"votosPorcentaje":2.24},{"idAgrupacion":"191","idAgrupacionTelegrama":"189","nombreAgrupacion":"POLITICA OBRERA","urlLogo":null,"votos":108,"votosPorcentaje":2.24},{"idAgrupacion":"195","idAgrupacionTelegrama":"502","nombreAgrupacion":"FRENTE DE IZQUIERDA Y DE TRABAJADORES - UNIDAD","urlLogo":null,"votos":90,"votosPorcentaje":1.87}],"valoresTotalizadosOtros":{"votosNulos":134,"votosNulosPorcentaje":2.64,"votosEnBlanco":122,"votosEnBlancoPorcentaje":2.4,"votosRecurridosComandoImpugnados":10,"votosRecurridosComandoImpugnadosPorcentaje":0.19}}