{"fechaTotalizacion":"Nov 15, 2021, 2:45:22 AM","estadoRecuento":{"mesasEsperadas":20,"mesasTotalizadas":20,"mesasTotalizadasPorcentaje":100.0,"cantidadElectores":6858,"cantidadVotantes":4841,"participacionPorcentaje":70.58},"valoresTotalizadosPositivos":[{"idAgrupacion":"194","idAgrupacionTelegrama":"501","nombreAgrupacion":"JUNTOS POR EL CAMBIO +","urlLogo":null,"votos":1338,"votosPorcentaje":29.87},{"idAgrupacion":"196","idAgrupacionTelegrama":"503","nombreAgrupacion":"FRENTE SI + PRS","urlLogo":null,"votos":935,"votosPorcentaje":20.87},{"idAgrupacion":"198","idAgrupacionTelegrama":"505","nombreAgrupacion":"FRENTE DE TODOS","urlLogo":null,"votos":923,"votosPorcentaje":20.61},{"idAgrupacion":"197","idAgrupacionTelegrama":"504","nombreAgrupacion":"UNIDOS POR SALTA","urlLogo":null,"votos":547,"votosPorcentaje":12.21},{"idAgrupacion":"192","idAgrupacionTelegrama":"227","nombreAgrupacion":"FELICIDAD","urlLogo":null,"votos":297,"votosPorcentaje":6.63},{"idAgrupacion":"195","idAgrupacionTelegrama":"502","nombreAgrupacion":"FRENTE DE IZQUIERDA Y DE TRABAJADORES - UNIDAD","urlLogo":null,"votos":242,"votosPorcentaje":5.4},{"idAgrupacion":"191","idAgrupacionTelegrama":"189","nombreAgrupacion":"POLITICA OBRERA","urlLogo":null,"votos":196,"votosPorcentaje":4.37}],"valoresTotalizadosOtros":{"votosNulos":206,"votosNulosPorcentaje":4.25,"votosEnBlanco":151,"votosEnBlancoPorcentaje":3.11,"votosRecurridosComandoImpugnados":6,"votosRecurridosComandoImpugnadosPorcentaje":0.12}}