{"fechaTotalizacion":"Nov 15, 2021, 2:45:22 AM","estadoRecuento":{"mesasEsperadas":66,"mesasTotalizadas":66,"mesasTotalizadasPorcentaje":100.0,"cantidadElectores":22958,"cantidadVotantes":15589,"participacionPorcentaje":67.9},"valoresTotalizadosPositivos":[{"idAgrupacion":"198","idAgrupacionTelegrama":"505","nombreAgrupacion":"FRENTE DE TODOS","urlLogo":null,"votos":4916,"votosPorcentaje":34.75},{"idAgrupacion":"194","idAgrupacionTelegrama":"501","nombreAgrupacion":"JUNTOS POR EL CAMBIO +","urlLogo":null,"votos":2785,"votosPorcentaje":19.69},{"idAgrupacion":"196","idAgrupacionTelegrama":"503","nombreAgrupacion":"FRENTE SI + PRS","urlLogo":null,"votos":2232,"votosPorcentaje":15.78},{"idAgrupacion":"197","idAgrupacionTelegrama":"504","nombreAgrupacion":"UNIDOS POR SALTA","urlLogo":null,"votos":2033,"votosPorcentaje":14.37},{"idAgrupacion":"195","idAgrupacionTelegrama":"502","nombreAgrupacion":"FRENTE DE IZQUIERDA Y DE TRABAJADORES - UNIDAD","urlLogo":null,"votos":905,"votosPorcentaje":6.39},{"idAgrupacion":"192","idAgrupacionTelegrama":"227","nombreAgrupacion":"FELICIDAD","urlLogo":null,"votos":649,"votosPorcentaje":4.58},{"idAgrupacion":"191","idAgrupacionTelegrama":"189","nombreAgrupacion":"POLITICA OBRERA","urlLogo":null,"votos":623,"votosPorcentaje":4.4}],"valoresTotalizadosOtros":{"votosNulos":729,"votosNulosPorcentaje":4.67,"votosEnBlanco":674,"votosEnBlancoPorcentaje":4.32,"votosRecurridosComandoImpugnados":43,"votosRecurridosComandoImpugnadosPorcentaje":0.27}}