{"fechaTotalizacion":"Nov 15, 2021, 2:45:22 AM","estadoRecuento":{"mesasEsperadas":50,"mesasTotalizadas":50,"mesasTotalizadasPorcentaje":100.0,"cantidadElectores":17497,"cantidadVotantes":8983,"participacionPorcentaje":51.34},"valoresTotalizadosPositivos":[{"idAgrupacion":"198","idAgrupacionTelegrama":"505","nombreAgrupacion":"FRENTE DE TODOS","urlLogo":null,"votos":4517,"votosPorcentaje":52.71},{"idAgrupacion":"194","idAgrupacionTelegrama":"501","nombreAgrupacion":"JUNTOS POR EL CAMBIO +","urlLogo":null,"votos":1659,"votosPorcentaje":19.36},{"idAgrupacion":"196","idAgrupacionTelegrama":"503","nombreAgrupacion":"FRENTE SI + PRS","urlLogo":null,"votos":1012,"votosPorcentaje":11.81},{"idAgrupacion":"197","idAgrupacionTelegrama":"504","nombreAgrupacion":"UNIDOS POR SALTA","urlLogo":null,"votos":842,"votosPorcentaje":9.82},{"idAgrupacion":"195","idAgrupacionTelegrama":"502","nombreAgrupacion":"FRENTE DE IZQUIERDA Y DE TRABAJADORES - UNIDAD","urlLogo":null,"votos":203,"votosPorcentaje":2.36},{"idAgrupacion":"192","idAgrupacionTelegrama":"227","nombreAgrupacion":"FELICIDAD","urlLogo":null,"votos":195,"votosPorcentaje":2.27},{"idAgrupacion":"191","idAgrupacionTelegrama":"189","nombreAgrupacion":"POLITICA OBRERA","urlLogo":null,"votos":140,"votosPorcentaje":1.63}],"valoresTotalizadosOtros":{"votosNulos":157,"votosNulosPorcentaje":1.74,"votosEnBlanco":220,"votosEnBlancoPorcentaje":2.44,"votosRecurridosComandoImpugnados":38,"votosRecurridosComandoImpugnadosPorcentaje":0.42}}