{"fechaTotalizacion":"Nov 15, 2021, 2:45:22 AM","estadoRecuento":{"mesasEsperadas":3,"mesasTotalizadas":3,"mesasTotalizadasPorcentaje":100.0,"cantidadElectores":803,"cantidadVotantes":305,"participacionPorcentaje":37.98},"valoresTotalizadosPositivos":[{"idAgrupacion":"198","idAgrupacionTelegrama":"505","nombreAgrupacion":"FRENTE DE TODOS","urlLogo":null,"votos":248,"votosPorcentaje":82.11},{"idAgrupacion":"194","idAgrupacionTelegrama":"501","nombreAgrupacion":"JUNTOS POR EL CAMBIO +","urlLogo":null,"votos":18,"votosPorcentaje":5.96},{"idAgrupacion":"196","idAgrupacionTelegrama":"503","nombreAgrupacion":"FRENTE SI + PRS","urlLogo":null,"votos":13,"votosPorcentaje":4.3},{"idAgrupacion":"197","idAgrupacionTelegrama":"504","nombreAgrupacion":"UNIDOS POR SALTA","urlLogo":null,"votos":12,"votosPorcentaje":3.97},{"idAgrupacion":"195","idAgrupacionTelegrama":"502","nombreAgrupacion":"FRENTE DE IZQUIERDA Y DE TRABAJADORES - UNIDAD","urlLogo":null,"votos":9,"votosPorcentaje":2.98},{"idAgrupacion":"192","idAgrupacionTelegrama":"227","nombreAgrupacion":"FELICIDAD","urlLogo":null,"votos":1,"votosPorcentaje":0.33},{"idAgrupacion":"191","idAgrupacionTelegrama":"189","nombreAgrupacion":"POLITICA OBRERA","urlLogo":null,"votos":1,"votosPorcentaje":0.33}],"valoresTotalizadosOtros":{"votosNulos":0,"votosNulosPorcentaje":0.0,"votosEnBlanco":2,"votosEnBlancoPorcentaje":0.65,"votosRecurridosComandoImpugnados":1,"votosRecurridosComandoImpugnadosPorcentaje":0.32}}