{"fechaTotalizacion":"Nov 15, 2021, 2:45:22 AM","estadoRecuento":{"mesasEsperadas":26,"mesasTotalizadas":26,"mesasTotalizadasPorcentaje":100.0,"cantidadElectores":9014,"cantidadVotantes":4259,"participacionPorcentaje":47.24},"valoresTotalizadosPositivos":[{"idAgrupacion":"198","idAgrupacionTelegrama":"505","nombreAgrupacion":"FRENTE DE TODOS","urlLogo":null,"votos":1627,"votosPorcentaje":40.36},{"idAgrupacion":"194","idAgrupacionTelegrama":"501","nombreAgrupacion":"JUNTOS POR EL CAMBIO +","urlLogo":null,"votos":1218,"votosPorcentaje":30.21},{"idAgrupacion":"197","idAgrupacionTelegrama":"504","nombreAgrupacion":"UNIDOS POR SALTA","urlLogo":null,"votos":524,"votosPorcentaje":12.99},{"idAgrupacion":"196","idAgrupacionTelegrama":"503","nombreAgrupacion":"FRENTE SI + PRS","urlLogo":null,"votos":382,"votosPorcentaje":9.47},{"idAgrupacion":"192","idAgrupacionTelegrama":"227","nombreAgrupacion":"FELICIDAD","urlLogo":null,"votos":112,"votosPorcentaje":2.77},{"idAgrupacion":"195","idAgrupacionTelegrama":"502","nombreAgrupacion":"FRENTE DE IZQUIERDA Y DE TRABAJADORES - UNIDAD","urlLogo":null,"votos":90,"votosPorcentaje":2.23},{"idAgrupacion":"191","idAgrupacionTelegrama":"189","nombreAgrupacion":"POLITICA OBRERA","urlLogo":null,"votos":78,"votosPorcentaje":1.93}],"valoresTotalizadosOtros":{"votosNulos":84,"votosNulosPorcentaje":1.97,"votosEnBlanco":142,"votosEnBlancoPorcentaje":3.33,"votosRecurridosComandoImpugnados":2,"votosRecurridosComandoImpugnadosPorcentaje":0.04}}