{"fechaTotalizacion":"Nov 15, 2021, 2:45:22 AM","estadoRecuento":{"mesasEsperadas":13,"mesasTotalizadas":13,"mesasTotalizadasPorcentaje":100.0,"cantidadElectores":4247,"cantidadVotantes":2790,"participacionPorcentaje":65.69},"valoresTotalizadosPositivos":[{"idAgrupacion":"194","idAgrupacionTelegrama":"501","nombreAgrupacion":"JUNTOS POR EL CAMBIO +","urlLogo":null,"votos":1150,"votosPorcentaje":43.96},{"idAgrupacion":"196","idAgrupacionTelegrama":"503","nombreAgrupacion":"FRENTE SI + PRS","urlLogo":null,"votos":473,"votosPorcentaje":18.08},{"idAgrupacion":"198","idAgrupacionTelegrama":"505","nombreAgrupacion":"FRENTE DE TODOS","urlLogo":null,"votos":423,"votosPorcentaje":16.16},{"idAgrupacion":"197","idAgrupacionTelegrama":"504","nombreAgrupacion":"UNIDOS POR SALTA","urlLogo":null,"votos":231,"votosPorcentaje":8.83},{"idAgrupacion":"192","idAgrupacionTelegrama":"227","nombreAgrupacion":"FELICIDAD","urlLogo":null,"votos":136,"votosPorcentaje":5.19},{"idAgrupacion":"195","idAgrupacionTelegrama":"502","nombreAgrupacion":"FRENTE DE IZQUIERDA Y DE TRABAJADORES - UNIDAD","urlLogo":null,"votos":126,"votosPorcentaje":4.81},{"idAgrupacion":"191","idAgrupacionTelegrama":"189","nombreAgrupacion":"POLITICA OBRERA","urlLogo":null,"votos":77,"votosPorcentaje":2.94}],"valoresTotalizadosOtros":{"votosNulos":100,"votosNulosPorcentaje":3.58,"votosEnBlanco":72,"votosEnBlancoPorcentaje":2.58,"votosRecurridosComandoImpugnados":2,"votosRecurridosComandoImpugnadosPorcentaje":0.07}}