{"fechaTotalizacion":"Nov 15, 2021, 2:45:22 AM","estadoRecuento":{"mesasEsperadas":43,"mesasTotalizadas":43,"mesasTotalizadasPorcentaje":100.0,"cantidadElectores":14855,"cantidadVotantes":10895,"participacionPorcentaje":73.34},"valoresTotalizadosPositivos":[{"idAgrupacion":"199","idAgrupacionTelegrama":"501","nombreAgrupacion":"JUNTOS POR EL CAMBIO","urlLogo":null,"votos":4870,"votosPorcentaje":46.72},{"idAgrupacion":"201","idAgrupacionTelegrama":"503","nombreAgrupacion":"FRENTE DE TODOS - TODOS SAN JUAN","urlLogo":null,"votos":3885,"votosPorcentaje":37.27},{"idAgrupacion":"200","idAgrupacionTelegrama":"502","nombreAgrupacion":"CONSENSO ISCHIGUALASTO","urlLogo":null,"votos":1027,"votosPorcentaje":9.85},{"idAgrupacion":"202","idAgrupacionTelegrama":"504","nombreAgrupacion":"FRENTE DE IZQUIERDA Y DE TRABAJADORES - UNIDAD","urlLogo":null,"votos":640,"votosPorcentaje":6.14}],"valoresTotalizadosOtros":{"votosNulos":286,"votosNulosPorcentaje":2.62,"votosEnBlanco":182,"votosEnBlancoPorcentaje":1.67,"votosRecurridosComandoImpugnados":5,"votosRecurridosComandoImpugnadosPorcentaje":0.04}}