{"fechaTotalizacion":"Nov 15, 2021, 2:45:22 AM","estadoRecuento":{"mesasEsperadas":10,"mesasTotalizadas":10,"mesasTotalizadasPorcentaje":100.0,"cantidadElectores":3255,"cantidadVotantes":2385,"participacionPorcentaje":73.27},"valoresTotalizadosPositivos":[{"idAgrupacion":"199","idAgrupacionTelegrama":"501","nombreAgrupacion":"JUNTOS POR EL CAMBIO","urlLogo":null,"votos":1087,"votosPorcentaje":47.4},{"idAgrupacion":"201","idAgrupacionTelegrama":"503","nombreAgrupacion":"FRENTE DE TODOS - TODOS SAN JUAN","urlLogo":null,"votos":836,"votosPorcentaje":36.45},{"idAgrupacion":"200","idAgrupacionTelegrama":"502","nombreAgrupacion":"CONSENSO ISCHIGUALASTO","urlLogo":null,"votos":218,"votosPorcentaje":9.5},{"idAgrupacion":"202","idAgrupacionTelegrama":"504","nombreAgrupacion":"FRENTE DE IZQUIERDA Y DE TRABAJADORES - UNIDAD","urlLogo":null,"votos":152,"votosPorcentaje":6.62}],"valoresTotalizadosOtros":{"votosNulos":58,"votosNulosPorcentaje":2.43,"votosEnBlanco":30,"votosEnBlancoPorcentaje":1.25,"votosRecurridosComandoImpugnados":4,"votosRecurridosComandoImpugnadosPorcentaje":0.16}}