{"fechaTotalizacion":"Nov 15, 2021, 2:45:22 AM","estadoRecuento":{"mesasEsperadas":6,"mesasTotalizadas":6,"mesasTotalizadasPorcentaje":100.0,"cantidadElectores":1771,"cantidadVotantes":1354,"participacionPorcentaje":76.45},"valoresTotalizadosPositivos":[{"idAgrupacion":"199","idAgrupacionTelegrama":"501","nombreAgrupacion":"JUNTOS POR EL CAMBIO","urlLogo":null,"votos":820,"votosPorcentaje":61.93},{"idAgrupacion":"201","idAgrupacionTelegrama":"503","nombreAgrupacion":"FRENTE DE TODOS - TODOS SAN JUAN","urlLogo":null,"votos":310,"votosPorcentaje":23.41},{"idAgrupacion":"200","idAgrupacionTelegrama":"502","nombreAgrupacion":"CONSENSO ISCHIGUALASTO","urlLogo":null,"votos":133,"votosPorcentaje":10.04},{"idAgrupacion":"202","idAgrupacionTelegrama":"504","nombreAgrupacion":"FRENTE DE IZQUIERDA Y DE TRABAJADORES - UNIDAD","urlLogo":null,"votos":61,"votosPorcentaje":4.6}],"valoresTotalizadosOtros":{"votosNulos":21,"votosNulosPorcentaje":1.55,"votosEnBlanco":9,"votosEnBlancoPorcentaje":0.66,"votosRecurridosComandoImpugnados":0,"votosRecurridosComandoImpugnadosPorcentaje":0.0}}