{"fechaTotalizacion":"Nov 15, 2021, 2:45:22 AM","estadoRecuento":{"mesasEsperadas":2,"mesasTotalizadas":2,"mesasTotalizadasPorcentaje":100.0,"cantidadElectores":480,"cantidadVotantes":369,"participacionPorcentaje":76.87},"valoresTotalizadosPositivos":[{"idAgrupacion":"201","idAgrupacionTelegrama":"503","nombreAgrupacion":"FRENTE DE TODOS - TODOS SAN JUAN","urlLogo":null,"votos":186,"votosPorcentaje":52.99},{"idAgrupacion":"199","idAgrupacionTelegrama":"501","nombreAgrupacion":"JUNTOS POR EL CAMBIO","urlLogo":null,"votos":100,"votosPorcentaje":28.49},{"idAgrupacion":"202","idAgrupacionTelegrama":"504","nombreAgrupacion":"FRENTE DE IZQUIERDA Y DE TRABAJADORES - UNIDAD","urlLogo":null,"votos":38,"votosPorcentaje":10.82},{"idAgrupacion":"200","idAgrupacionTelegrama":"502","nombreAgrupacion":"CONSENSO ISCHIGUALASTO","urlLogo":null,"votos":27,"votosPorcentaje":7.69}],"valoresTotalizadosOtros":{"votosNulos":9,"votosNulosPorcentaje":2.43,"votosEnBlanco":9,"votosEnBlancoPorcentaje":2.43,"votosRecurridosComandoImpugnados":0,"votosRecurridosComandoImpugnadosPorcentaje":0.0}}