{"fechaTotalizacion":"Nov 15, 2021, 2:45:22 AM","estadoRecuento":{"mesasEsperadas":37,"mesasTotalizadas":37,"mesasTotalizadasPorcentaje":100.0,"cantidadElectores":12929,"cantidadVotantes":9730,"participacionPorcentaje":75.25},"valoresTotalizadosPositivos":[{"idAgrupacion":"199","idAgrupacionTelegrama":"501","nombreAgrupacion":"JUNTOS POR EL CAMBIO","urlLogo":null,"votos":4449,"votosPorcentaje":47.35},{"idAgrupacion":"201","idAgrupacionTelegrama":"503","nombreAgrupacion":"FRENTE DE TODOS - TODOS SAN JUAN","urlLogo":null,"votos":3463,"votosPorcentaje":36.86},{"idAgrupacion":"200","idAgrupacionTelegrama":"502","nombreAgrupacion":"CONSENSO ISCHIGUALASTO","urlLogo":null,"votos":946,"votosPorcentaje":10.06},{"idAgrupacion":"202","idAgrupacionTelegrama":"504","nombreAgrupacion":"FRENTE DE IZQUIERDA Y DE TRABAJADORES - UNIDAD","urlLogo":null,"votos":537,"votosPorcentaje":5.71}],"valoresTotalizadosOtros":{"votosNulos":207,"votosNulosPorcentaje":2.12,"votosEnBlanco":128,"votosEnBlancoPorcentaje":1.31,"votosRecurridosComandoImpugnados":0,"votosRecurridosComandoImpugnadosPorcentaje":0.0}}