{"fechaTotalizacion":"Nov 15, 2021, 2:45:22 AM","estadoRecuento":{"mesasEsperadas":32,"mesasTotalizadas":32,"mesasTotalizadasPorcentaje":100.0,"cantidadElectores":11532,"cantidadVotantes":8341,"participacionPorcentaje":72.32},"valoresTotalizadosPositivos":[{"idAgrupacion":"201","idAgrupacionTelegrama":"503","nombreAgrupacion":"FRENTE DE TODOS - TODOS SAN JUAN","urlLogo":null,"votos":4633,"votosPorcentaje":57.78},{"idAgrupacion":"199","idAgrupacionTelegrama":"501","nombreAgrupacion":"JUNTOS POR EL CAMBIO","urlLogo":null,"votos":2284,"votosPorcentaje":28.48},{"idAgrupacion":"200","idAgrupacionTelegrama":"502","nombreAgrupacion":"CONSENSO ISCHIGUALASTO","urlLogo":null,"votos":634,"votosPorcentaje":7.9},{"idAgrupacion":"202","idAgrupacionTelegrama":"504","nombreAgrupacion":"FRENTE DE IZQUIERDA Y DE TRABAJADORES - UNIDAD","urlLogo":null,"votos":466,"votosPorcentaje":5.81}],"valoresTotalizadosOtros":{"votosNulos":200,"votosNulosPorcentaje":2.39,"votosEnBlanco":117,"votosEnBlancoPorcentaje":1.4,"votosRecurridosComandoImpugnados":7,"votosRecurridosComandoImpugnadosPorcentaje":0.08}}