{"fechaTotalizacion":"Nov 15, 2021, 2:45:22 AM","estadoRecuento":{"mesasEsperadas":63,"mesasTotalizadas":62,"mesasTotalizadasPorcentaje":98.41,"cantidadElectores":21586,"cantidadVotantes":15715,"participacionPorcentaje":72.8},"valoresTotalizadosPositivos":[{"idAgrupacion":"201","idAgrupacionTelegrama":"503","nombreAgrupacion":"FRENTE DE TODOS - TODOS SAN JUAN","urlLogo":null,"votos":7020,"votosPorcentaje":46.63},{"idAgrupacion":"199","idAgrupacionTelegrama":"501","nombreAgrupacion":"JUNTOS POR EL CAMBIO","urlLogo":null,"votos":5599,"votosPorcentaje":37.19},{"idAgrupacion":"200","idAgrupacionTelegrama":"502","nombreAgrupacion":"CONSENSO ISCHIGUALASTO","urlLogo":null,"votos":1530,"votosPorcentaje":10.16},{"idAgrupacion":"202","idAgrupacionTelegrama":"504","nombreAgrupacion":"FRENTE DE IZQUIERDA Y DE TRABAJADORES - UNIDAD","urlLogo":null,"votos":903,"votosPorcentaje":5.99}],"valoresTotalizadosOtros":{"votosNulos":400,"votosNulosPorcentaje":2.54,"votosEnBlanco":236,"votosEnBlancoPorcentaje":1.5,"votosRecurridosComandoImpugnados":27,"votosRecurridosComandoImpugnadosPorcentaje":0.17}}