{"fechaTotalizacion":"Nov 15, 2021, 2:45:22 AM","estadoRecuento":{"mesasEsperadas":14,"mesasTotalizadas":14,"mesasTotalizadasPorcentaje":100.0,"cantidadElectores":4785,"cantidadVotantes":3493,"participacionPorcentaje":72.99},"valoresTotalizadosPositivos":[{"idAgrupacion":"199","idAgrupacionTelegrama":"501","nombreAgrupacion":"JUNTOS POR EL CAMBIO","urlLogo":null,"votos":2139,"votosPorcentaje":63.24},{"idAgrupacion":"201","idAgrupacionTelegrama":"503","nombreAgrupacion":"FRENTE DE TODOS - TODOS SAN JUAN","urlLogo":null,"votos":812,"votosPorcentaje":24.0},{"idAgrupacion":"200","idAgrupacionTelegrama":"502","nombreAgrupacion":"CONSENSO ISCHIGUALASTO","urlLogo":null,"votos":291,"votosPorcentaje":8.6},{"idAgrupacion":"202","idAgrupacionTelegrama":"504","nombreAgrupacion":"FRENTE DE IZQUIERDA Y DE TRABAJADORES - UNIDAD","urlLogo":null,"votos":140,"votosPorcentaje":4.13}],"valoresTotalizadosOtros":{"votosNulos":59,"votosNulosPorcentaje":1.68,"votosEnBlanco":41,"votosEnBlancoPorcentaje":1.17,"votosRecurridosComandoImpugnados":11,"votosRecurridosComandoImpugnadosPorcentaje":0.31}}