{"fechaTotalizacion":"Nov 15, 2021, 2:45:22 AM","estadoRecuento":{"mesasEsperadas":2,"mesasTotalizadas":2,"mesasTotalizadasPorcentaje":100.0,"cantidadElectores":351,"cantidadVotantes":239,"participacionPorcentaje":68.09},"valoresTotalizadosPositivos":[{"idAgrupacion":"208","idAgrupacionTelegrama":"501","nombreAgrupacion":"FUERZA SAN LUIS","urlLogo":null,"votos":150,"votosPorcentaje":63.82},{"idAgrupacion":"209","idAgrupacionTelegrama":"502","nombreAgrupacion":"UNIDOS POR SAN LUIS","urlLogo":null,"votos":76,"votosPorcentaje":32.34},{"idAgrupacion":"203","idAgrupacionTelegrama":"3","nombreAgrupacion":"UNIÓN CÍVICA RADICAL","urlLogo":null,"votos":5,"votosPorcentaje":2.12},{"idAgrupacion":"207","idAgrupacionTelegrama":"209","nombreAgrupacion":"TODOS UNIDOS","urlLogo":null,"votos":3,"votosPorcentaje":1.27},{"idAgrupacion":"210","idAgrupacionTelegrama":"503","nombreAgrupacion":"FRENTE DE IZQUIERDA Y DE TRABAJADORES - UNIDAD","urlLogo":null,"votos":1,"votosPorcentaje":0.42}],"valoresTotalizadosOtros":{"votosNulos":1,"votosNulosPorcentaje":0.41,"votosEnBlanco":3,"votosEnBlancoPorcentaje":1.25,"votosRecurridosComandoImpugnados":0,"votosRecurridosComandoImpugnadosPorcentaje":0.0}}