{"fechaTotalizacion":"Nov 15, 2021, 2:45:22 AM","estadoRecuento":{"mesasEsperadas":1,"mesasTotalizadas":1,"mesasTotalizadasPorcentaje":100.0,"cantidadElectores":318,"cantidadVotantes":267,"participacionPorcentaje":83.96},"valoresTotalizadosPositivos":[{"idAgrupacion":"208","idAgrupacionTelegrama":"501","nombreAgrupacion":"FUERZA SAN LUIS","urlLogo":null,"votos":137,"votosPorcentaje":52.89},{"idAgrupacion":"209","idAgrupacionTelegrama":"502","nombreAgrupacion":"UNIDOS POR SAN LUIS","urlLogo":null,"votos":115,"votosPorcentaje":44.4},{"idAgrupacion":"207","idAgrupacionTelegrama":"209","nombreAgrupacion":"TODOS UNIDOS","urlLogo":null,"votos":3,"votosPorcentaje":1.15},{"idAgrupacion":"203","idAgrupacionTelegrama":"3","nombreAgrupacion":"UNIÓN CÍVICA RADICAL","urlLogo":null,"votos":3,"votosPorcentaje":1.15},{"idAgrupacion":"210","idAgrupacionTelegrama":"503","nombreAgrupacion":"FRENTE DE IZQUIERDA Y DE TRABAJADORES - UNIDAD","urlLogo":null,"votos":1,"votosPorcentaje":0.38}],"valoresTotalizadosOtros":{"votosNulos":2,"votosNulosPorcentaje":0.74,"votosEnBlanco":4,"votosEnBlancoPorcentaje":1.49,"votosRecurridosComandoImpugnados":2,"votosRecurridosComandoImpugnadosPorcentaje":0.74}}