{"fechaTotalizacion":"Nov 15, 2021, 2:45:22 AM","estadoRecuento":{"mesasEsperadas":6,"mesasTotalizadas":6,"mesasTotalizadasPorcentaje":100.0,"cantidadElectores":1990,"cantidadVotantes":1344,"participacionPorcentaje":67.53},"valoresTotalizadosPositivos":[{"idAgrupacion":"209","idAgrupacionTelegrama":"502","nombreAgrupacion":"UNIDOS POR SAN LUIS","urlLogo":null,"votos":591,"votosPorcentaje":49.16},{"idAgrupacion":"208","idAgrupacionTelegrama":"501","nombreAgrupacion":"FUERZA SAN LUIS","urlLogo":null,"votos":382,"votosPorcentaje":31.78},{"idAgrupacion":"203","idAgrupacionTelegrama":"3","nombreAgrupacion":"UNIÓN CÍVICA RADICAL","urlLogo":null,"votos":162,"votosPorcentaje":13.47},{"idAgrupacion":"210","idAgrupacionTelegrama":"503","nombreAgrupacion":"FRENTE DE IZQUIERDA Y DE TRABAJADORES - UNIDAD","urlLogo":null,"votos":54,"votosPorcentaje":4.49},{"idAgrupacion":"207","idAgrupacionTelegrama":"209","nombreAgrupacion":"TODOS UNIDOS","urlLogo":null,"votos":13,"votosPorcentaje":1.08}],"valoresTotalizadosOtros":{"votosNulos":29,"votosNulosPorcentaje":2.15,"votosEnBlanco":110,"votosEnBlancoPorcentaje":8.18,"votosRecurridosComandoImpugnados":3,"votosRecurridosComandoImpugnadosPorcentaje":0.22}}