{"fechaTotalizacion":"Nov 15, 2021, 2:45:22 AM","estadoRecuento":{"mesasEsperadas":15,"mesasTotalizadas":15,"mesasTotalizadasPorcentaje":100.0,"cantidadElectores":5200,"cantidadVotantes":3824,"participacionPorcentaje":73.53},"valoresTotalizadosPositivos":[{"idAgrupacion":"208","idAgrupacionTelegrama":"501","nombreAgrupacion":"FUERZA SAN LUIS","urlLogo":null,"votos":1694,"votosPorcentaje":47.66},{"idAgrupacion":"209","idAgrupacionTelegrama":"502","nombreAgrupacion":"UNIDOS POR SAN LUIS","urlLogo":null,"votos":1636,"votosPorcentaje":46.03},{"idAgrupacion":"203","idAgrupacionTelegrama":"3","nombreAgrupacion":"UNIÓN CÍVICA RADICAL","urlLogo":null,"votos":122,"votosPorcentaje":3.43},{"idAgrupacion":"210","idAgrupacionTelegrama":"503","nombreAgrupacion":"FRENTE DE IZQUIERDA Y DE TRABAJADORES - UNIDAD","urlLogo":null,"votos":83,"votosPorcentaje":2.33},{"idAgrupacion":"207","idAgrupacionTelegrama":"209","nombreAgrupacion":"TODOS UNIDOS","urlLogo":null,"votos":19,"votosPorcentaje":0.53}],"valoresTotalizadosOtros":{"votosNulos":68,"votosNulosPorcentaje":1.77,"votosEnBlanco":193,"votosEnBlancoPorcentaje":5.04,"votosRecurridosComandoImpugnados":9,"votosRecurridosComandoImpugnadosPorcentaje":0.23}}