{"fechaTotalizacion":"Nov 15, 2021, 2:45:22 AM","estadoRecuento":{"mesasEsperadas":3,"mesasTotalizadas":3,"mesasTotalizadasPorcentaje":100.0,"cantidadElectores":755,"cantidadVotantes":580,"participacionPorcentaje":76.82},"valoresTotalizadosPositivos":[{"idAgrupacion":"209","idAgrupacionTelegrama":"502","nombreAgrupacion":"UNIDOS POR SAN LUIS","urlLogo":null,"votos":255,"votosPorcentaje":51.2},{"idAgrupacion":"208","idAgrupacionTelegrama":"501","nombreAgrupacion":"FUERZA SAN LUIS","urlLogo":null,"votos":173,"votosPorcentaje":34.73},{"idAgrupacion":"203","idAgrupacionTelegrama":"3","nombreAgrupacion":"UNIÓN CÍVICA RADICAL","urlLogo":null,"votos":48,"votosPorcentaje":9.63},{"idAgrupacion":"207","idAgrupacionTelegrama":"209","nombreAgrupacion":"TODOS UNIDOS","urlLogo":null,"votos":13,"votosPorcentaje":2.61},{"idAgrupacion":"210","idAgrupacionTelegrama":"503","nombreAgrupacion":"FRENTE DE IZQUIERDA Y DE TRABAJADORES - UNIDAD","urlLogo":null,"votos":9,"votosPorcentaje":1.8}],"valoresTotalizadosOtros":{"votosNulos":17,"votosNulosPorcentaje":2.93,"votosEnBlanco":61,"votosEnBlancoPorcentaje":10.51,"votosRecurridosComandoImpugnados":4,"votosRecurridosComandoImpugnadosPorcentaje":0.68}}