{"fechaTotalizacion":"Nov 15, 2021, 2:45:22 AM","estadoRecuento":{"mesasEsperadas":12,"mesasTotalizadas":12,"mesasTotalizadasPorcentaje":100.0,"cantidadElectores":3998,"cantidadVotantes":3077,"participacionPorcentaje":76.96},"valoresTotalizadosPositivos":[{"idAgrupacion":"209","idAgrupacionTelegrama":"502","nombreAgrupacion":"UNIDOS POR SAN LUIS","urlLogo":null,"votos":1612,"votosPorcentaje":56.16},{"idAgrupacion":"208","idAgrupacionTelegrama":"501","nombreAgrupacion":"FUERZA SAN LUIS","urlLogo":null,"votos":925,"votosPorcentaje":32.22},{"idAgrupacion":"203","idAgrupacionTelegrama":"3","nombreAgrupacion":"UNIÓN CÍVICA RADICAL","urlLogo":null,"votos":218,"votosPorcentaje":7.59},{"idAgrupacion":"210","idAgrupacionTelegrama":"503","nombreAgrupacion":"FRENTE DE IZQUIERDA Y DE TRABAJADORES - UNIDAD","urlLogo":null,"votos":77,"votosPorcentaje":2.68},{"idAgrupacion":"207","idAgrupacionTelegrama":"209","nombreAgrupacion":"TODOS UNIDOS","urlLogo":null,"votos":38,"votosPorcentaje":1.32}],"valoresTotalizadosOtros":{"votosNulos":34,"votosNulosPorcentaje":1.1,"votosEnBlanco":171,"votosEnBlancoPorcentaje":5.55,"votosRecurridosComandoImpugnados":2,"votosRecurridosComandoImpugnadosPorcentaje":0.06}}