{"fechaTotalizacion":"Nov 15, 2021, 2:45:22 AM","estadoRecuento":{"mesasEsperadas":9,"mesasTotalizadas":9,"mesasTotalizadasPorcentaje":100.0,"cantidadElectores":3040,"cantidadVotantes":2347,"participacionPorcentaje":77.2},"valoresTotalizadosPositivos":[{"idAgrupacion":"208","idAgrupacionTelegrama":"501","nombreAgrupacion":"FUERZA SAN LUIS","urlLogo":null,"votos":1352,"votosPorcentaje":64.25},{"idAgrupacion":"209","idAgrupacionTelegrama":"502","nombreAgrupacion":"UNIDOS POR SAN LUIS","urlLogo":null,"votos":631,"votosPorcentaje":29.99},{"idAgrupacion":"207","idAgrupacionTelegrama":"209","nombreAgrupacion":"TODOS UNIDOS","urlLogo":null,"votos":65,"votosPorcentaje":3.08},{"idAgrupacion":"203","idAgrupacionTelegrama":"3","nombreAgrupacion":"UNIÓN CÍVICA RADICAL","urlLogo":null,"votos":51,"votosPorcentaje":2.42},{"idAgrupacion":"210","idAgrupacionTelegrama":"503","nombreAgrupacion":"FRENTE DE IZQUIERDA Y DE TRABAJADORES - UNIDAD","urlLogo":null,"votos":5,"votosPorcentaje":0.23}],"valoresTotalizadosOtros":{"votosNulos":43,"votosNulosPorcentaje":1.83,"votosEnBlanco":198,"votosEnBlancoPorcentaje":8.43,"votosRecurridosComandoImpugnados":2,"votosRecurridosComandoImpugnadosPorcentaje":0.08}}