{"fechaTotalizacion":"Nov 15, 2021, 2:45:22 AM","estadoRecuento":{"mesasEsperadas":14,"mesasTotalizadas":14,"mesasTotalizadasPorcentaje":100.0,"cantidadElectores":4765,"cantidadVotantes":3852,"participacionPorcentaje":80.83},"valoresTotalizadosPositivos":[{"idAgrupacion":"209","idAgrupacionTelegrama":"502","nombreAgrupacion":"UNIDOS POR SAN LUIS","urlLogo":null,"votos":2112,"votosPorcentaje":60.36},{"idAgrupacion":"208","idAgrupacionTelegrama":"501","nombreAgrupacion":"FUERZA SAN LUIS","urlLogo":null,"votos":1085,"votosPorcentaje":31.0},{"idAgrupacion":"203","idAgrupacionTelegrama":"3","nombreAgrupacion":"UNIÓN CÍVICA RADICAL","urlLogo":null,"votos":167,"votosPorcentaje":4.77},{"idAgrupacion":"210","idAgrupacionTelegrama":"503","nombreAgrupacion":"FRENTE DE IZQUIERDA Y DE TRABAJADORES - UNIDAD","urlLogo":null,"votos":86,"votosPorcentaje":2.45},{"idAgrupacion":"207","idAgrupacionTelegrama":"209","nombreAgrupacion":"TODOS UNIDOS","urlLogo":null,"votos":49,"votosPorcentaje":1.4}],"valoresTotalizadosOtros":{"votosNulos":42,"votosNulosPorcentaje":1.09,"votosEnBlanco":303,"votosEnBlancoPorcentaje":7.86,"votosRecurridosComandoImpugnados":8,"votosRecurridosComandoImpugnadosPorcentaje":0.2}}