{"fechaTotalizacion":"Nov 15, 2021, 2:45:22 AM","estadoRecuento":{"mesasEsperadas":1,"mesasTotalizadas":1,"mesasTotalizadasPorcentaje":100.0,"cantidadElectores":45,"cantidadVotantes":37,"participacionPorcentaje":82.22},"valoresTotalizadosPositivos":[{"idAgrupacion":"208","idAgrupacionTelegrama":"501","nombreAgrupacion":"FUERZA SAN LUIS","urlLogo":null,"votos":17,"votosPorcentaje":56.66},{"idAgrupacion":"209","idAgrupacionTelegrama":"502","nombreAgrupacion":"UNIDOS POR SAN LUIS","urlLogo":null,"votos":10,"votosPorcentaje":33.33},{"idAgrupacion":"203","idAgrupacionTelegrama":"3","nombreAgrupacion":"UNIÓN CÍVICA RADICAL","urlLogo":null,"votos":2,"votosPorcentaje":6.66},{"idAgrupacion":"207","idAgrupacionTelegrama":"209","nombreAgrupacion":"TODOS UNIDOS","urlLogo":null,"votos":1,"votosPorcentaje":3.33},{"idAgrupacion":"210","idAgrupacionTelegrama":"503","nombreAgrupacion":"FRENTE DE IZQUIERDA Y DE TRABAJADORES - UNIDAD","urlLogo":null,"votos":0,"votosPorcentaje":0.0}],"valoresTotalizadosOtros":{"votosNulos":0,"votosNulosPorcentaje":0.0,"votosEnBlanco":5,"votosEnBlancoPorcentaje":13.51,"votosRecurridosComandoImpugnados":2,"votosRecurridosComandoImpugnadosPorcentaje":5.4}}