{"fechaTotalizacion":"Nov 15, 2021, 2:45:22 AM","estadoRecuento":{"mesasEsperadas":34,"mesasTotalizadas":34,"mesasTotalizadasPorcentaje":100.0,"cantidadElectores":9892,"cantidadVotantes":6355,"participacionPorcentaje":64.24},"valoresTotalizadosPositivos":[{"idAgrupacion":"213","idAgrupacionTelegrama":"501","nombreAgrupacion":"CAMBIA SANTA CRUZ","urlLogo":null,"votos":2287,"votosPorcentaje":39.64},{"idAgrupacion":"214","idAgrupacionTelegrama":"502","nombreAgrupacion":"FRENTE DE TODOS","urlLogo":null,"votos":1646,"votosPorcentaje":28.53},{"idAgrupacion":"212","idAgrupacionTelegrama":"182","nombreAgrupacion":"SOMOS ENERGÍA PARA RENOVAR SANTA CRUZ -SER-","urlLogo":null,"votos":1337,"votosPorcentaje":23.17},{"idAgrupacion":"215","idAgrupacionTelegrama":"503","nombreAgrupacion":"FRENTE DE IZQUIERDA Y DE TRABAJADORES - UNIDAD","urlLogo":null,"votos":394,"votosPorcentaje":6.82},{"idAgrupacion":"211","idAgrupacionTelegrama":"172","nombreAgrupacion":"MOVIMIENTO AL SOCIALISMO","urlLogo":null,"votos":105,"votosPorcentaje":1.82}],"valoresTotalizadosOtros":{"votosNulos":503,"votosNulosPorcentaje":7.91,"votosEnBlanco":83,"votosEnBlancoPorcentaje":1.3,"votosRecurridosComandoImpugnados":0,"votosRecurridosComandoImpugnadosPorcentaje":0.0}}