{"fechaTotalizacion":"Nov 15, 2021, 2:45:22 AM","estadoRecuento":{"mesasEsperadas":25,"mesasTotalizadas":25,"mesasTotalizadasPorcentaje":100.0,"cantidadElectores":7339,"cantidadVotantes":5177,"participacionPorcentaje":70.54},"valoresTotalizadosPositivos":[{"idAgrupacion":"212","idAgrupacionTelegrama":"182","nombreAgrupacion":"SOMOS ENERGÍA PARA RENOVAR SANTA CRUZ -SER-","urlLogo":null,"votos":2368,"votosPorcentaje":47.82},{"idAgrupacion":"214","idAgrupacionTelegrama":"502","nombreAgrupacion":"FRENTE DE TODOS","urlLogo":null,"votos":1633,"votosPorcentaje":32.98},{"idAgrupacion":"213","idAgrupacionTelegrama":"501","nombreAgrupacion":"CAMBIA SANTA CRUZ","urlLogo":null,"votos":651,"votosPorcentaje":13.14},{"idAgrupacion":"215","idAgrupacionTelegrama":"503","nombreAgrupacion":"FRENTE DE IZQUIERDA Y DE TRABAJADORES - UNIDAD","urlLogo":null,"votos":221,"votosPorcentaje":4.46},{"idAgrupacion":"211","idAgrupacionTelegrama":"172","nombreAgrupacion":"MOVIMIENTO AL SOCIALISMO","urlLogo":null,"votos":78,"votosPorcentaje":1.57}],"valoresTotalizadosOtros":{"votosNulos":179,"votosNulosPorcentaje":3.45,"votosEnBlanco":46,"votosEnBlancoPorcentaje":0.88,"votosRecurridosComandoImpugnados":1,"votosRecurridosComandoImpugnadosPorcentaje":0.01}}