{"fechaTotalizacion":"Nov 15, 2021, 2:45:22 AM","estadoRecuento":{"mesasEsperadas":1,"mesasTotalizadas":1,"mesasTotalizadasPorcentaje":100.0,"cantidadElectores":60,"cantidadVotantes":33,"participacionPorcentaje":55.0},"valoresTotalizadosPositivos":[{"idAgrupacion":"214","idAgrupacionTelegrama":"502","nombreAgrupacion":"FRENTE DE TODOS","urlLogo":null,"votos":13,"votosPorcentaje":43.33},{"idAgrupacion":"213","idAgrupacionTelegrama":"501","nombreAgrupacion":"CAMBIA SANTA CRUZ","urlLogo":null,"votos":10,"votosPorcentaje":33.33},{"idAgrupacion":"212","idAgrupacionTelegrama":"182","nombreAgrupacion":"SOMOS ENERGÍA PARA RENOVAR SANTA CRUZ -SER-","urlLogo":null,"votos":6,"votosPorcentaje":20.0},{"idAgrupacion":"215","idAgrupacionTelegrama":"503","nombreAgrupacion":"FRENTE DE IZQUIERDA Y DE TRABAJADORES - UNIDAD","urlLogo":null,"votos":1,"votosPorcentaje":3.33},{"idAgrupacion":"211","idAgrupacionTelegrama":"172","nombreAgrupacion":"MOVIMIENTO AL SOCIALISMO","urlLogo":null,"votos":0,"votosPorcentaje":0.0}],"valoresTotalizadosOtros":{"votosNulos":0,"votosNulosPorcentaje":0.0,"votosEnBlanco":3,"votosEnBlancoPorcentaje":9.09,"votosRecurridosComandoImpugnados":0,"votosRecurridosComandoImpugnadosPorcentaje":0.0}}