{"fechaTotalizacion":"Nov 15, 2021, 2:45:22 AM","estadoRecuento":{"mesasEsperadas":2,"mesasTotalizadas":2,"mesasTotalizadasPorcentaje":100.0,"cantidadElectores":617,"cantidadVotantes":309,"participacionPorcentaje":50.08},"valoresTotalizadosPositivos":[{"idAgrupacion":"223","idAgrupacionTelegrama":"503","nombreAgrupacion":"JUNTOS POR EL CAMBIO","urlLogo":null,"votos":191,"votosPorcentaje":63.03},{"idAgrupacion":"228","idAgrupacionTelegrama":"508","nombreAgrupacion":"FRENTE DE TODOS","urlLogo":null,"votos":71,"votosPorcentaje":23.43},{"idAgrupacion":"227","idAgrupacionTelegrama":"507","nombreAgrupacion":"SOBERANIA POPULAR","urlLogo":null,"votos":13,"votosPorcentaje":4.29},{"idAgrupacion":"221","idAgrupacionTelegrama":"501","nombreAgrupacion":"FRENTE AMPLIO PROGRESISTA","urlLogo":null,"votos":7,"votosPorcentaje":2.31},{"idAgrupacion":"222","idAgrupacionTelegrama":"502","nombreAgrupacion":"FRENTE DE IZQUIERDA Y DE TRABAJADORES - UNIDAD","urlLogo":null,"votos":6,"votosPorcentaje":1.98},{"idAgrupacion":"216","idAgrupacionTelegrama":"87","nombreAgrupacion":"UNITE POR LA LIBERTAD Y LA DIGNIDAD","urlLogo":null,"votos":5,"votosPorcentaje":1.65},{"idAgrupacion":"226","idAgrupacionTelegrama":"506","nombreAgrupacion":"PODEMOS","urlLogo":null,"votos":4,"votosPorcentaje":1.32},{"idAgrupacion":"224","idAgrupacionTelegrama":"504","nombreAgrupacion":"PRIMERO SANTA FE","urlLogo":null,"votos":3,"votosPorcentaje":0.99},{"idAgrupacion":"225","idAgrupacionTelegrama":"505","nombreAgrupacion":"SOMOS FUTURO","urlLogo":null,"votos":3,"votosPorcentaje":0.99}],"valoresTotalizadosOtros":{"votosNulos":2,"votosNulosPorcentaje":0.64,"votosEnBlanco":4,"votosEnBlancoPorcentaje":1.29,"votosRecurridosComandoImpugnados":0,"votosRecurridosComandoImpugnadosPorcentaje":0.0}}