{"fechaTotalizacion":"Nov 15, 2021, 2:45:22 AM","estadoRecuento":{"mesasEsperadas":10,"mesasTotalizadas":9,"mesasTotalizadasPorcentaje":90.0,"cantidadElectores":2849,"cantidadVotantes":2298,"participacionPorcentaje":80.65},"valoresTotalizadosPositivos":[{"idAgrupacion":"228","idAgrupacionTelegrama":"508","nombreAgrupacion":"FRENTE DE TODOS","urlLogo":null,"votos":834,"votosPorcentaje":38.75},{"idAgrupacion":"223","idAgrupacionTelegrama":"503","nombreAgrupacion":"JUNTOS POR EL CAMBIO","urlLogo":null,"votos":580,"votosPorcentaje":26.95},{"idAgrupacion":"221","idAgrupacionTelegrama":"501","nombreAgrupacion":"FRENTE AMPLIO PROGRESISTA","urlLogo":null,"votos":535,"votosPorcentaje":24.86},{"idAgrupacion":"227","idAgrupacionTelegrama":"507","nombreAgrupacion":"SOBERANIA POPULAR","urlLogo":null,"votos":57,"votosPorcentaje":2.64},{"idAgrupacion":"225","idAgrupacionTelegrama":"505","nombreAgrupacion":"SOMOS FUTURO","urlLogo":null,"votos":44,"votosPorcentaje":2.04},{"idAgrupacion":"216","idAgrupacionTelegrama":"87","nombreAgrupacion":"UNITE POR LA LIBERTAD Y LA DIGNIDAD","urlLogo":null,"votos":30,"votosPorcentaje":1.39},{"idAgrupacion":"226","idAgrupacionTelegrama":"506","nombreAgrupacion":"PODEMOS","urlLogo":null,"votos":29,"votosPorcentaje":1.34},{"idAgrupacion":"224","idAgrupacionTelegrama":"504","nombreAgrupacion":"PRIMERO SANTA FE","urlLogo":null,"votos":29,"votosPorcentaje":1.34},{"idAgrupacion":"222","idAgrupacionTelegrama":"502","nombreAgrupacion":"FRENTE DE IZQUIERDA Y DE TRABAJADORES - UNIDAD","urlLogo":null,"votos":14,"votosPorcentaje":0.65}],"valoresTotalizadosOtros":{"votosNulos":30,"votosNulosPorcentaje":1.3,"votosEnBlanco":109,"votosEnBlancoPorcentaje":4.74,"votosRecurridosComandoImpugnados":7,"votosRecurridosComandoImpugnadosPorcentaje":0.3}}