{"fechaTotalizacion":"Nov 15, 2021, 2:45:22 AM","estadoRecuento":{"mesasEsperadas":2,"mesasTotalizadas":2,"mesasTotalizadasPorcentaje":100.0,"cantidadElectores":649,"cantidadVotantes":550,"participacionPorcentaje":84.74},"valoresTotalizadosPositivos":[{"idAgrupacion":"223","idAgrupacionTelegrama":"503","nombreAgrupacion":"JUNTOS POR EL CAMBIO","urlLogo":null,"votos":291,"votosPorcentaje":55.64},{"idAgrupacion":"221","idAgrupacionTelegrama":"501","nombreAgrupacion":"FRENTE AMPLIO PROGRESISTA","urlLogo":null,"votos":122,"votosPorcentaje":23.32},{"idAgrupacion":"228","idAgrupacionTelegrama":"508","nombreAgrupacion":"FRENTE DE TODOS","urlLogo":null,"votos":74,"votosPorcentaje":14.14},{"idAgrupacion":"227","idAgrupacionTelegrama":"507","nombreAgrupacion":"SOBERANIA POPULAR","urlLogo":null,"votos":9,"votosPorcentaje":1.72},{"idAgrupacion":"216","idAgrupacionTelegrama":"87","nombreAgrupacion":"UNITE POR LA LIBERTAD Y LA DIGNIDAD","urlLogo":null,"votos":9,"votosPorcentaje":1.72},{"idAgrupacion":"222","idAgrupacionTelegrama":"502","nombreAgrupacion":"FRENTE DE IZQUIERDA Y DE TRABAJADORES - UNIDAD","urlLogo":null,"votos":8,"votosPorcentaje":1.52},{"idAgrupacion":"225","idAgrupacionTelegrama":"505","nombreAgrupacion":"SOMOS FUTURO","urlLogo":null,"votos":7,"votosPorcentaje":1.33},{"idAgrupacion":"224","idAgrupacionTelegrama":"504","nombreAgrupacion":"PRIMERO SANTA FE","urlLogo":null,"votos":2,"votosPorcentaje":0.38},{"idAgrupacion":"226","idAgrupacionTelegrama":"506","nombreAgrupacion":"PODEMOS","urlLogo":null,"votos":1,"votosPorcentaje":0.19}],"valoresTotalizadosOtros":{"votosNulos":6,"votosNulosPorcentaje":1.09,"votosEnBlanco":21,"votosEnBlancoPorcentaje":3.81,"votosRecurridosComandoImpugnados":0,"votosRecurridosComandoImpugnadosPorcentaje":0.0}}