{"fechaTotalizacion":"Nov 15, 2021, 2:45:22 AM","estadoRecuento":{"mesasEsperadas":186,"mesasTotalizadas":184,"mesasTotalizadasPorcentaje":98.92,"cantidadElectores":64683,"cantidadVotantes":37312,"participacionPorcentaje":57.68},"valoresTotalizadosPositivos":[{"idAgrupacion":"228","idAgrupacionTelegrama":"508","nombreAgrupacion":"FRENTE DE TODOS","urlLogo":null,"votos":9999,"votosPorcentaje":28.82},{"idAgrupacion":"223","idAgrupacionTelegrama":"503","nombreAgrupacion":"JUNTOS POR EL CAMBIO","urlLogo":null,"votos":9915,"votosPorcentaje":28.58},{"idAgrupacion":"221","idAgrupacionTelegrama":"501","nombreAgrupacion":"FRENTE AMPLIO PROGRESISTA","urlLogo":null,"votos":5069,"votosPorcentaje":14.61},{"idAgrupacion":"216","idAgrupacionTelegrama":"87","nombreAgrupacion":"UNITE POR LA LIBERTAD Y LA DIGNIDAD","urlLogo":null,"votos":4894,"votosPorcentaje":14.1},{"idAgrupacion":"225","idAgrupacionTelegrama":"505","nombreAgrupacion":"SOMOS FUTURO","urlLogo":null,"votos":1807,"votosPorcentaje":5.2},{"idAgrupacion":"227","idAgrupacionTelegrama":"507","nombreAgrupacion":"SOBERANIA POPULAR","urlLogo":null,"votos":985,"votosPorcentaje":2.83},{"idAgrupacion":"226","idAgrupacionTelegrama":"506","nombreAgrupacion":"PODEMOS","urlLogo":null,"votos":786,"votosPorcentaje":2.26},{"idAgrupacion":"222","idAgrupacionTelegrama":"502","nombreAgrupacion":"FRENTE DE IZQUIERDA Y DE TRABAJADORES - UNIDAD","urlLogo":null,"votos":739,"votosPorcentaje":2.13},{"idAgrupacion":"224","idAgrupacionTelegrama":"504","nombreAgrupacion":"PRIMERO SANTA FE","urlLogo":null,"votos":491,"votosPorcentaje":1.41}],"valoresTotalizadosOtros":{"votosNulos":1582,"votosNulosPorcentaje":4.23,"votosEnBlanco":1027,"votosEnBlancoPorcentaje":2.75,"votosRecurridosComandoImpugnados":18,"votosRecurridosComandoImpugnadosPorcentaje":0.04}}