{"fechaTotalizacion":"Nov 15, 2021, 2:45:22 AM","estadoRecuento":{"mesasEsperadas":2,"mesasTotalizadas":2,"mesasTotalizadasPorcentaje":100.0,"cantidadElectores":422,"cantidadVotantes":362,"participacionPorcentaje":85.78},"valoresTotalizadosPositivos":[{"idAgrupacion":"228","idAgrupacionTelegrama":"508","nombreAgrupacion":"FRENTE DE TODOS","urlLogo":null,"votos":159,"votosPorcentaje":46.49},{"idAgrupacion":"223","idAgrupacionTelegrama":"503","nombreAgrupacion":"JUNTOS POR EL CAMBIO","urlLogo":null,"votos":115,"votosPorcentaje":33.62},{"idAgrupacion":"227","idAgrupacionTelegrama":"507","nombreAgrupacion":"SOBERANIA POPULAR","urlLogo":null,"votos":31,"votosPorcentaje":9.06},{"idAgrupacion":"221","idAgrupacionTelegrama":"501","nombreAgrupacion":"FRENTE AMPLIO PROGRESISTA","urlLogo":null,"votos":19,"votosPorcentaje":5.55},{"idAgrupacion":"225","idAgrupacionTelegrama":"505","nombreAgrupacion":"SOMOS FUTURO","urlLogo":null,"votos":6,"votosPorcentaje":1.75},{"idAgrupacion":"216","idAgrupacionTelegrama":"87","nombreAgrupacion":"UNITE POR LA LIBERTAD Y LA DIGNIDAD","urlLogo":null,"votos":6,"votosPorcentaje":1.75},{"idAgrupacion":"224","idAgrupacionTelegrama":"504","nombreAgrupacion":"PRIMERO SANTA FE","urlLogo":null,"votos":3,"votosPorcentaje":0.87},{"idAgrupacion":"222","idAgrupacionTelegrama":"502","nombreAgrupacion":"FRENTE DE IZQUIERDA Y DE TRABAJADORES - UNIDAD","urlLogo":null,"votos":2,"votosPorcentaje":0.58},{"idAgrupacion":"226","idAgrupacionTelegrama":"506","nombreAgrupacion":"PODEMOS","urlLogo":null,"votos":1,"votosPorcentaje":0.29}],"valoresTotalizadosOtros":{"votosNulos":8,"votosNulosPorcentaje":2.2,"votosEnBlanco":12,"votosEnBlancoPorcentaje":3.31,"votosRecurridosComandoImpugnados":0,"votosRecurridosComandoImpugnadosPorcentaje":0.0}}