{"fechaTotalizacion":"Nov 15, 2021, 2:45:22 AM","estadoRecuento":{"mesasEsperadas":9,"mesasTotalizadas":9,"mesasTotalizadasPorcentaje":100.0,"cantidadElectores":2919,"cantidadVotantes":2280,"participacionPorcentaje":78.1},"valoresTotalizadosPositivos":[{"idAgrupacion":"234","idAgrupacionTelegrama":"501","nombreAgrupacion":"FRENTE CIVICO POR SANTIAGO","urlLogo":null,"votos":2181,"votosPorcentaje":97.4},{"idAgrupacion":"236","idAgrupacionTelegrama":"503","nombreAgrupacion":"FRENTE JUNTOS POR EL CAMBIO","urlLogo":null,"votos":26,"votosPorcentaje":1.16},{"idAgrupacion":"235","idAgrupacionTelegrama":"502","nombreAgrupacion":"FRENTE PATRIOTICO LABORISTA","urlLogo":null,"votos":19,"votosPorcentaje":0.84},{"idAgrupacion":"231","idAgrupacionTelegrama":"86","nombreAgrupacion":"FRENTE RENOVADOR","urlLogo":null,"votos":7,"votosPorcentaje":0.31},{"idAgrupacion":"230","idAgrupacionTelegrama":"40","nombreAgrupacion":"MOVIMIENTO LIBRES DEL SUR","urlLogo":null,"votos":4,"votosPorcentaje":0.17},{"idAgrupacion":"233","idAgrupacionTelegrama":"211","nombreAgrupacion":"POR UN SANTIAGO OBRERO","urlLogo":null,"votos":1,"votosPorcentaje":0.04},{"idAgrupacion":"232","idAgrupacionTelegrama":"87","nombreAgrupacion":"UNITE POR LA LIBERTAD Y LA DIGNIDAD","urlLogo":null,"votos":1,"votosPorcentaje":0.04}],"valoresTotalizadosOtros":{"votosNulos":3,"votosNulosPorcentaje":0.13,"votosEnBlanco":37,"votosEnBlancoPorcentaje":1.62,"votosRecurridosComandoImpugnados":1,"votosRecurridosComandoImpugnadosPorcentaje":0.04}}