{"fechaTotalizacion":"Nov 15, 2021, 2:45:22 AM","estadoRecuento":{"mesasEsperadas":4,"mesasTotalizadas":4,"mesasTotalizadasPorcentaje":100.0,"cantidadElectores":1165,"cantidadVotantes":984,"participacionPorcentaje":84.46},"valoresTotalizadosPositivos":[{"idAgrupacion":"234","idAgrupacionTelegrama":"501","nombreAgrupacion":"FRENTE CIVICO POR SANTIAGO","urlLogo":null,"votos":919,"votosPorcentaje":94.84},{"idAgrupacion":"236","idAgrupacionTelegrama":"503","nombreAgrupacion":"FRENTE JUNTOS POR EL CAMBIO","urlLogo":null,"votos":30,"votosPorcentaje":3.09},{"idAgrupacion":"233","idAgrupacionTelegrama":"211","nombreAgrupacion":"POR UN SANTIAGO OBRERO","urlLogo":null,"votos":7,"votosPorcentaje":0.72},{"idAgrupacion":"230","idAgrupacionTelegrama":"40","nombreAgrupacion":"MOVIMIENTO LIBRES DEL SUR","urlLogo":null,"votos":5,"votosPorcentaje":0.51},{"idAgrupacion":"235","idAgrupacionTelegrama":"502","nombreAgrupacion":"FRENTE PATRIOTICO LABORISTA","urlLogo":null,"votos":4,"votosPorcentaje":0.41},{"idAgrupacion":"231","idAgrupacionTelegrama":"86","nombreAgrupacion":"FRENTE RENOVADOR","urlLogo":null,"votos":3,"votosPorcentaje":0.3},{"idAgrupacion":"232","idAgrupacionTelegrama":"87","nombreAgrupacion":"UNITE POR LA LIBERTAD Y LA DIGNIDAD","urlLogo":null,"votos":1,"votosPorcentaje":0.1}],"valoresTotalizadosOtros":{"votosNulos":2,"votosNulosPorcentaje":0.2,"votosEnBlanco":10,"votosEnBlancoPorcentaje":1.01,"votosRecurridosComandoImpugnados":3,"votosRecurridosComandoImpugnadosPorcentaje":0.3}}