{"fechaTotalizacion":"Nov 15, 2021, 2:45:22 AM","estadoRecuento":{"mesasEsperadas":1,"mesasTotalizadas":1,"mesasTotalizadasPorcentaje":100.0,"cantidadElectores":283,"cantidadVotantes":19,"participacionPorcentaje":6.71},"valoresTotalizadosPositivos":[{"idAgrupacion":"234","idAgrupacionTelegrama":"501","nombreAgrupacion":"FRENTE CIVICO POR SANTIAGO","urlLogo":null,"votos":15,"votosPorcentaje":88.23},{"idAgrupacion":"235","idAgrupacionTelegrama":"502","nombreAgrupacion":"FRENTE PATRIOTICO LABORISTA","urlLogo":null,"votos":1,"votosPorcentaje":5.88},{"idAgrupacion":"230","idAgrupacionTelegrama":"40","nombreAgrupacion":"MOVIMIENTO LIBRES DEL SUR","urlLogo":null,"votos":1,"votosPorcentaje":5.88},{"idAgrupacion":"236","idAgrupacionTelegrama":"503","nombreAgrupacion":"FRENTE JUNTOS POR EL CAMBIO","urlLogo":null,"votos":0,"votosPorcentaje":0.0},{"idAgrupacion":"231","idAgrupacionTelegrama":"86","nombreAgrupacion":"FRENTE RENOVADOR","urlLogo":null,"votos":0,"votosPorcentaje":0.0},{"idAgrupacion":"233","idAgrupacionTelegrama":"211","nombreAgrupacion":"POR UN SANTIAGO OBRERO","urlLogo":null,"votos":0,"votosPorcentaje":0.0},{"idAgrupacion":"232","idAgrupacionTelegrama":"87","nombreAgrupacion":"UNITE POR LA LIBERTAD Y LA DIGNIDAD","urlLogo":null,"votos":0,"votosPorcentaje":0.0}],"valoresTotalizadosOtros":{"votosNulos":0,"votosNulosPorcentaje":0.0,"votosEnBlanco":2,"votosEnBlancoPorcentaje":10.52,"votosRecurridosComandoImpugnados":0,"votosRecurridosComandoImpugnadosPorcentaje":0.0}}