{"fechaTotalizacion":"Nov 15, 2021, 2:45:22 AM","estadoRecuento":{"mesasEsperadas":2,"mesasTotalizadas":2,"mesasTotalizadasPorcentaje":100.0,"cantidadElectores":566,"cantidadVotantes":451,"participacionPorcentaje":79.68},"valoresTotalizadosPositivos":[{"idAgrupacion":"234","idAgrupacionTelegrama":"501","nombreAgrupacion":"FRENTE CIVICO POR SANTIAGO","urlLogo":null,"votos":325,"votosPorcentaje":74.37},{"idAgrupacion":"235","idAgrupacionTelegrama":"502","nombreAgrupacion":"FRENTE PATRIOTICO LABORISTA","urlLogo":null,"votos":104,"votosPorcentaje":23.79},{"idAgrupacion":"236","idAgrupacionTelegrama":"503","nombreAgrupacion":"FRENTE JUNTOS POR EL CAMBIO","urlLogo":null,"votos":4,"votosPorcentaje":0.91},{"idAgrupacion":"230","idAgrupacionTelegrama":"40","nombreAgrupacion":"MOVIMIENTO LIBRES DEL SUR","urlLogo":null,"votos":4,"votosPorcentaje":0.91},{"idAgrupacion":"231","idAgrupacionTelegrama":"86","nombreAgrupacion":"FRENTE RENOVADOR","urlLogo":null,"votos":0,"votosPorcentaje":0.0},{"idAgrupacion":"233","idAgrupacionTelegrama":"211","nombreAgrupacion":"POR UN SANTIAGO OBRERO","urlLogo":null,"votos":0,"votosPorcentaje":0.0},{"idAgrupacion":"232","idAgrupacionTelegrama":"87","nombreAgrupacion":"UNITE POR LA LIBERTAD Y LA DIGNIDAD","urlLogo":null,"votos":0,"votosPorcentaje":0.0}],"valoresTotalizadosOtros":{"votosNulos":0,"votosNulosPorcentaje":0.0,"votosEnBlanco":6,"votosEnBlancoPorcentaje":1.33,"votosRecurridosComandoImpugnados":8,"votosRecurridosComandoImpugnadosPorcentaje":1.77}}