{"fechaTotalizacion":"Nov 15, 2021, 2:45:22 AM","estadoRecuento":{"mesasEsperadas":4,"mesasTotalizadas":4,"mesasTotalizadasPorcentaje":100.0,"cantidadElectores":1109,"cantidadVotantes":929,"participacionPorcentaje":83.76},"valoresTotalizadosPositivos":[{"idAgrupacion":"234","idAgrupacionTelegrama":"501","nombreAgrupacion":"FRENTE CIVICO POR SANTIAGO","urlLogo":null,"votos":868,"votosPorcentaje":95.17},{"idAgrupacion":"231","idAgrupacionTelegrama":"86","nombreAgrupacion":"FRENTE RENOVADOR","urlLogo":null,"votos":18,"votosPorcentaje":1.97},{"idAgrupacion":"236","idAgrupacionTelegrama":"503","nombreAgrupacion":"FRENTE JUNTOS POR EL CAMBIO","urlLogo":null,"votos":15,"votosPorcentaje":1.64},{"idAgrupacion":"235","idAgrupacionTelegrama":"502","nombreAgrupacion":"FRENTE PATRIOTICO LABORISTA","urlLogo":null,"votos":4,"votosPorcentaje":0.43},{"idAgrupacion":"230","idAgrupacionTelegrama":"40","nombreAgrupacion":"MOVIMIENTO LIBRES DEL SUR","urlLogo":null,"votos":4,"votosPorcentaje":0.43},{"idAgrupacion":"232","idAgrupacionTelegrama":"87","nombreAgrupacion":"UNITE POR LA LIBERTAD Y LA DIGNIDAD","urlLogo":null,"votos":3,"votosPorcentaje":0.32},{"idAgrupacion":"233","idAgrupacionTelegrama":"211","nombreAgrupacion":"POR UN SANTIAGO OBRERO","urlLogo":null,"votos":0,"votosPorcentaje":0.0}],"valoresTotalizadosOtros":{"votosNulos":1,"votosNulosPorcentaje":0.1,"votosEnBlanco":14,"votosEnBlancoPorcentaje":1.5,"votosRecurridosComandoImpugnados":2,"votosRecurridosComandoImpugnadosPorcentaje":0.21}}