{"fechaTotalizacion":"Nov 15, 2021, 2:45:22 AM","estadoRecuento":{"mesasEsperadas":2,"mesasTotalizadas":2,"mesasTotalizadasPorcentaje":100.0,"cantidadElectores":517,"cantidadVotantes":231,"participacionPorcentaje":44.68},"valoresTotalizadosPositivos":[{"idAgrupacion":"234","idAgrupacionTelegrama":"501","nombreAgrupacion":"FRENTE CIVICO POR SANTIAGO","urlLogo":null,"votos":227,"votosPorcentaje":98.26},{"idAgrupacion":"236","idAgrupacionTelegrama":"503","nombreAgrupacion":"FRENTE JUNTOS POR EL CAMBIO","urlLogo":null,"votos":3,"votosPorcentaje":1.29},{"idAgrupacion":"235","idAgrupacionTelegrama":"502","nombreAgrupacion":"FRENTE PATRIOTICO LABORISTA","urlLogo":null,"votos":1,"votosPorcentaje":0.43},{"idAgrupacion":"231","idAgrupacionTelegrama":"86","nombreAgrupacion":"FRENTE RENOVADOR","urlLogo":null,"votos":0,"votosPorcentaje":0.0},{"idAgrupacion":"230","idAgrupacionTelegrama":"40","nombreAgrupacion":"MOVIMIENTO LIBRES DEL SUR","urlLogo":null,"votos":0,"votosPorcentaje":0.0},{"idAgrupacion":"233","idAgrupacionTelegrama":"211","nombreAgrupacion":"POR UN SANTIAGO OBRERO","urlLogo":null,"votos":0,"votosPorcentaje":0.0},{"idAgrupacion":"232","idAgrupacionTelegrama":"87","nombreAgrupacion":"UNITE POR LA LIBERTAD Y LA DIGNIDAD","urlLogo":null,"votos":0,"votosPorcentaje":0.0}],"valoresTotalizadosOtros":{"votosNulos":0,"votosNulosPorcentaje":0.0,"votosEnBlanco":0,"votosEnBlancoPorcentaje":0.0,"votosRecurridosComandoImpugnados":0,"votosRecurridosComandoImpugnadosPorcentaje":0.0}}