{"fechaTotalizacion":"Nov 15, 2021, 2:45:22 AM","estadoRecuento":{"mesasEsperadas":62,"mesasTotalizadas":62,"mesasTotalizadasPorcentaje":100.0,"cantidadElectores":21583,"cantidadVotantes":17812,"participacionPorcentaje":82.52},"valoresTotalizadosPositivos":[{"idAgrupacion":"242","idAgrupacionTelegrama":"502","nombreAgrupacion":"JUNTOS POR EL CAMBIO JXC","urlLogo":null,"votos":6615,"votosPorcentaje":39.53},{"idAgrupacion":"241","idAgrupacionTelegrama":"501","nombreAgrupacion":"FRENTE DE TODOS","urlLogo":null,"votos":6217,"votosPorcentaje":37.15},{"idAgrupacion":"238","idAgrupacionTelegrama":"181","nombreAgrupacion":"FUERZA REPUBLICANA","urlLogo":null,"votos":2151,"votosPorcentaje":12.85},{"idAgrupacion":"244","idAgrupacionTelegrama":"504","nombreAgrupacion":"FRENTE AMPLIO POR TUCUMÁN","urlLogo":null,"votos":909,"votosPorcentaje":5.43},{"idAgrupacion":"243","idAgrupacionTelegrama":"503","nombreAgrupacion":"FRENTE DE IZQUIERDA Y DE TRABAJADORES - UNIDAD","urlLogo":null,"votos":842,"votosPorcentaje":5.03}],"valoresTotalizadosOtros":{"votosNulos":454,"votosNulosPorcentaje":2.54,"votosEnBlanco":612,"votosEnBlancoPorcentaje":3.43,"votosRecurridosComandoImpugnados":12,"votosRecurridosComandoImpugnadosPorcentaje":0.06}}