{"fechaTotalizacion":"Nov 15, 2021, 2:45:22 AM","estadoRecuento":{"mesasEsperadas":38,"mesasTotalizadas":38,"mesasTotalizadasPorcentaje":100.0,"cantidadElectores":13341,"cantidadVotantes":10342,"participacionPorcentaje":77.52},"valoresTotalizadosPositivos":[{"idAgrupacion":"241","idAgrupacionTelegrama":"501","nombreAgrupacion":"FRENTE DE TODOS","urlLogo":null,"votos":4688,"votosPorcentaje":47.23},{"idAgrupacion":"242","idAgrupacionTelegrama":"502","nombreAgrupacion":"JUNTOS POR EL CAMBIO JXC","urlLogo":null,"votos":2961,"votosPorcentaje":29.83},{"idAgrupacion":"238","idAgrupacionTelegrama":"181","nombreAgrupacion":"FUERZA REPUBLICANA","urlLogo":null,"votos":1572,"votosPorcentaje":15.83},{"idAgrupacion":"243","idAgrupacionTelegrama":"503","nombreAgrupacion":"FRENTE DE IZQUIERDA Y DE TRABAJADORES - UNIDAD","urlLogo":null,"votos":409,"votosPorcentaje":4.12},{"idAgrupacion":"244","idAgrupacionTelegrama":"504","nombreAgrupacion":"FRENTE AMPLIO POR TUCUMÁN","urlLogo":null,"votos":295,"votosPorcentaje":2.97}],"valoresTotalizadosOtros":{"votosNulos":233,"votosNulosPorcentaje":2.25,"votosEnBlanco":176,"votosEnBlancoPorcentaje":1.7,"votosRecurridosComandoImpugnados":8,"votosRecurridosComandoImpugnadosPorcentaje":0.07}}