{"fechaTotalizacion":"Nov 15, 2021, 2:45:22 AM","estadoRecuento":{"mesasEsperadas":3,"mesasTotalizadas":3,"mesasTotalizadasPorcentaje":100.0,"cantidadElectores":835,"cantidadVotantes":677,"participacionPorcentaje":81.07},"valoresTotalizadosPositivos":[{"idAgrupacion":"241","idAgrupacionTelegrama":"501","nombreAgrupacion":"FRENTE DE TODOS","urlLogo":null,"votos":524,"votosPorcentaje":79.63},{"idAgrupacion":"242","idAgrupacionTelegrama":"502","nombreAgrupacion":"JUNTOS POR EL CAMBIO JXC","urlLogo":null,"votos":112,"votosPorcentaje":17.02},{"idAgrupacion":"238","idAgrupacionTelegrama":"181","nombreAgrupacion":"FUERZA REPUBLICANA","urlLogo":null,"votos":17,"votosPorcentaje":2.58},{"idAgrupacion":"243","idAgrupacionTelegrama":"503","nombreAgrupacion":"FRENTE DE IZQUIERDA Y DE TRABAJADORES - UNIDAD","urlLogo":null,"votos":3,"votosPorcentaje":0.45},{"idAgrupacion":"244","idAgrupacionTelegrama":"504","nombreAgrupacion":"FRENTE AMPLIO POR TUCUMÁN","urlLogo":null,"votos":2,"votosPorcentaje":0.3}],"valoresTotalizadosOtros":{"votosNulos":9,"votosNulosPorcentaje":1.32,"votosEnBlanco":10,"votosEnBlancoPorcentaje":1.47,"votosRecurridosComandoImpugnados":0,"votosRecurridosComandoImpugnadosPorcentaje":0.0}}