{"fechaTotalizacion":"Nov 15, 2021, 2:45:22 AM","estadoRecuento":{"mesasEsperadas":12,"mesasTotalizadas":12,"mesasTotalizadasPorcentaje":100.0,"cantidadElectores":4171,"cantidadVotantes":3170,"participacionPorcentaje":76.0},"valoresTotalizadosPositivos":[{"idAgrupacion":"242","idAgrupacionTelegrama":"502","nombreAgrupacion":"JUNTOS POR EL CAMBIO JXC","urlLogo":null,"votos":2050,"votosPorcentaje":67.61},{"idAgrupacion":"241","idAgrupacionTelegrama":"501","nombreAgrupacion":"FRENTE DE TODOS","urlLogo":null,"votos":503,"votosPorcentaje":16.58},{"idAgrupacion":"243","idAgrupacionTelegrama":"503","nombreAgrupacion":"FRENTE DE IZQUIERDA Y DE TRABAJADORES - UNIDAD","urlLogo":null,"votos":246,"votosPorcentaje":8.11},{"idAgrupacion":"238","idAgrupacionTelegrama":"181","nombreAgrupacion":"FUERZA REPUBLICANA","urlLogo":null,"votos":151,"votosPorcentaje":4.98},{"idAgrupacion":"244","idAgrupacionTelegrama":"504","nombreAgrupacion":"FRENTE AMPLIO POR TUCUMÁN","urlLogo":null,"votos":82,"votosPorcentaje":2.7}],"valoresTotalizadosOtros":{"votosNulos":57,"votosNulosPorcentaje":1.79,"votosEnBlanco":79,"votosEnBlancoPorcentaje":2.49,"votosRecurridosComandoImpugnados":2,"votosRecurridosComandoImpugnadosPorcentaje":0.06}}