{"fechaTotalizacion":"Nov 15, 2021, 2:45:22 AM","estadoRecuento":{"mesasEsperadas":5,"mesasTotalizadas":5,"mesasTotalizadasPorcentaje":100.0,"cantidadElectores":1585,"cantidadVotantes":1236,"participacionPorcentaje":77.98},"valoresTotalizadosPositivos":[{"idAgrupacion":"242","idAgrupacionTelegrama":"502","nombreAgrupacion":"JUNTOS POR EL CAMBIO JXC","urlLogo":null,"votos":573,"votosPorcentaje":47.43},{"idAgrupacion":"241","idAgrupacionTelegrama":"501","nombreAgrupacion":"FRENTE DE TODOS","urlLogo":null,"votos":475,"votosPorcentaje":39.32},{"idAgrupacion":"238","idAgrupacionTelegrama":"181","nombreAgrupacion":"FUERZA REPUBLICANA","urlLogo":null,"votos":106,"votosPorcentaje":8.77},{"idAgrupacion":"243","idAgrupacionTelegrama":"503","nombreAgrupacion":"FRENTE DE IZQUIERDA Y DE TRABAJADORES - UNIDAD","urlLogo":null,"votos":37,"votosPorcentaje":3.06},{"idAgrupacion":"244","idAgrupacionTelegrama":"504","nombreAgrupacion":"FRENTE AMPLIO POR TUCUMÁN","urlLogo":null,"votos":17,"votosPorcentaje":1.4}],"valoresTotalizadosOtros":{"votosNulos":11,"votosNulosPorcentaje":0.88,"votosEnBlanco":17,"votosEnBlancoPorcentaje":1.37,"votosRecurridosComandoImpugnados":0,"votosRecurridosComandoImpugnadosPorcentaje":0.0}}