{"fechaTotalizacion":"Nov 15, 2021, 2:45:22 AM","estadoRecuento":{"mesasEsperadas":13,"mesasTotalizadas":13,"mesasTotalizadasPorcentaje":100.0,"cantidadElectores":4274,"cantidadVotantes":3551,"participacionPorcentaje":83.08},"valoresTotalizadosPositivos":[{"idAgrupacion":"241","idAgrupacionTelegrama":"501","nombreAgrupacion":"FRENTE DE TODOS","urlLogo":null,"votos":1896,"votosPorcentaje":54.6},{"idAgrupacion":"242","idAgrupacionTelegrama":"502","nombreAgrupacion":"JUNTOS POR EL CAMBIO JXC","urlLogo":null,"votos":1250,"votosPorcentaje":36.0},{"idAgrupacion":"238","idAgrupacionTelegrama":"181","nombreAgrupacion":"FUERZA REPUBLICANA","urlLogo":null,"votos":228,"votosPorcentaje":6.56},{"idAgrupacion":"243","idAgrupacionTelegrama":"503","nombreAgrupacion":"FRENTE DE IZQUIERDA Y DE TRABAJADORES - UNIDAD","urlLogo":null,"votos":53,"votosPorcentaje":1.52},{"idAgrupacion":"244","idAgrupacionTelegrama":"504","nombreAgrupacion":"FRENTE AMPLIO POR TUCUMÁN","urlLogo":null,"votos":45,"votosPorcentaje":1.29}],"valoresTotalizadosOtros":{"votosNulos":35,"votosNulosPorcentaje":0.98,"votosEnBlanco":44,"votosEnBlancoPorcentaje":1.23,"votosRecurridosComandoImpugnados":0,"votosRecurridosComandoImpugnadosPorcentaje":0.0}}