{"fechaTotalizacion":"Nov 15, 2021, 2:45:22 AM","estadoRecuento":{"mesasEsperadas":3,"mesasTotalizadas":3,"mesasTotalizadasPorcentaje":100.0,"cantidadElectores":845,"cantidadVotantes":703,"participacionPorcentaje":83.19},"valoresTotalizadosPositivos":[{"idAgrupacion":"241","idAgrupacionTelegrama":"501","nombreAgrupacion":"FRENTE DE TODOS","urlLogo":null,"votos":445,"votosPorcentaje":65.92},{"idAgrupacion":"242","idAgrupacionTelegrama":"502","nombreAgrupacion":"JUNTOS POR EL CAMBIO JXC","urlLogo":null,"votos":169,"votosPorcentaje":25.03},{"idAgrupacion":"238","idAgrupacionTelegrama":"181","nombreAgrupacion":"FUERZA REPUBLICANA","urlLogo":null,"votos":45,"votosPorcentaje":6.66},{"idAgrupacion":"243","idAgrupacionTelegrama":"503","nombreAgrupacion":"FRENTE DE IZQUIERDA Y DE TRABAJADORES - UNIDAD","urlLogo":null,"votos":10,"votosPorcentaje":1.48},{"idAgrupacion":"244","idAgrupacionTelegrama":"504","nombreAgrupacion":"FRENTE AMPLIO POR TUCUMÁN","urlLogo":null,"votos":6,"votosPorcentaje":0.88}],"valoresTotalizadosOtros":{"votosNulos":13,"votosNulosPorcentaje":1.84,"votosEnBlanco":15,"votosEnBlancoPorcentaje":2.13,"votosRecurridosComandoImpugnados":0,"votosRecurridosComandoImpugnadosPorcentaje":0.0}}