{"fechaTotalizacion":"Nov 15, 2021, 2:45:22 AM","estadoRecuento":{"mesasEsperadas":30,"mesasTotalizadas":30,"mesasTotalizadasPorcentaje":100.0,"cantidadElectores":10399,"cantidadVotantes":8000,"participacionPorcentaje":76.93},"valoresTotalizadosPositivos":[{"idAgrupacion":"241","idAgrupacionTelegrama":"501","nombreAgrupacion":"FRENTE DE TODOS","urlLogo":null,"votos":3190,"votosPorcentaje":42.23},{"idAgrupacion":"242","idAgrupacionTelegrama":"502","nombreAgrupacion":"JUNTOS POR EL CAMBIO JXC","urlLogo":null,"votos":2157,"votosPorcentaje":28.55},{"idAgrupacion":"238","idAgrupacionTelegrama":"181","nombreAgrupacion":"FUERZA REPUBLICANA","urlLogo":null,"votos":1594,"votosPorcentaje":21.1},{"idAgrupacion":"243","idAgrupacionTelegrama":"503","nombreAgrupacion":"FRENTE DE IZQUIERDA Y DE TRABAJADORES - UNIDAD","urlLogo":null,"votos":320,"votosPorcentaje":4.23},{"idAgrupacion":"244","idAgrupacionTelegrama":"504","nombreAgrupacion":"FRENTE AMPLIO POR TUCUMÁN","urlLogo":null,"votos":292,"votosPorcentaje":3.86}],"valoresTotalizadosOtros":{"votosNulos":180,"votosNulosPorcentaje":2.25,"votosEnBlanco":262,"votosEnBlancoPorcentaje":3.27,"votosRecurridosComandoImpugnados":5,"votosRecurridosComandoImpugnadosPorcentaje":0.06}}