{"fechaTotalizacion":"Nov 15, 2021, 2:45:22 AM","estadoRecuento":{"mesasEsperadas":45,"mesasTotalizadas":45,"mesasTotalizadasPorcentaje":100.0,"cantidadElectores":15527,"cantidadVotantes":12494,"participacionPorcentaje":80.46},"valoresTotalizadosPositivos":[{"idAgrupacion":"241","idAgrupacionTelegrama":"501","nombreAgrupacion":"FRENTE DE TODOS","urlLogo":null,"votos":5963,"votosPorcentaje":49.53},{"idAgrupacion":"242","idAgrupacionTelegrama":"502","nombreAgrupacion":"JUNTOS POR EL CAMBIO JXC","urlLogo":null,"votos":3168,"votosPorcentaje":26.31},{"idAgrupacion":"238","idAgrupacionTelegrama":"181","nombreAgrupacion":"FUERZA REPUBLICANA","urlLogo":null,"votos":1866,"votosPorcentaje":15.49},{"idAgrupacion":"243","idAgrupacionTelegrama":"503","nombreAgrupacion":"FRENTE DE IZQUIERDA Y DE TRABAJADORES - UNIDAD","urlLogo":null,"votos":555,"votosPorcentaje":4.61},{"idAgrupacion":"244","idAgrupacionTelegrama":"504","nombreAgrupacion":"FRENTE AMPLIO POR TUCUMÁN","urlLogo":null,"votos":487,"votosPorcentaje":4.04}],"valoresTotalizadosOtros":{"votosNulos":207,"votosNulosPorcentaje":1.65,"votosEnBlanco":243,"votosEnBlancoPorcentaje":1.94,"votosRecurridosComandoImpugnados":5,"votosRecurridosComandoImpugnadosPorcentaje":0.04}}