{"fechaTotalizacion":"Nov 15, 2021, 2:45:22 AM","estadoRecuento":{"mesasEsperadas":32,"mesasTotalizadas":32,"mesasTotalizadasPorcentaje":100.0,"cantidadElectores":10990,"cantidadVotantes":8894,"participacionPorcentaje":80.92},"valoresTotalizadosPositivos":[{"idAgrupacion":"241","idAgrupacionTelegrama":"501","nombreAgrupacion":"FRENTE DE TODOS","urlLogo":null,"votos":3926,"votosPorcentaje":46.33},{"idAgrupacion":"242","idAgrupacionTelegrama":"502","nombreAgrupacion":"JUNTOS POR EL CAMBIO JXC","urlLogo":null,"votos":3296,"votosPorcentaje":38.9},{"idAgrupacion":"238","idAgrupacionTelegrama":"181","nombreAgrupacion":"FUERZA REPUBLICANA","urlLogo":null,"votos":835,"votosPorcentaje":9.85},{"idAgrupacion":"243","idAgrupacionTelegrama":"503","nombreAgrupacion":"FRENTE DE IZQUIERDA Y DE TRABAJADORES - UNIDAD","urlLogo":null,"votos":215,"votosPorcentaje":2.53},{"idAgrupacion":"244","idAgrupacionTelegrama":"504","nombreAgrupacion":"FRENTE AMPLIO POR TUCUMÁN","urlLogo":null,"votos":201,"votosPorcentaje":2.37}],"valoresTotalizadosOtros":{"votosNulos":130,"votosNulosPorcentaje":1.46,"votosEnBlanco":281,"votosEnBlancoPorcentaje":3.15,"votosRecurridosComandoImpugnados":10,"votosRecurridosComandoImpugnadosPorcentaje":0.11}}