{"fechaTotalizacion":"Nov 15, 2021, 2:45:22 AM","estadoRecuento":{"mesasEsperadas":34,"mesasTotalizadas":34,"mesasTotalizadasPorcentaje":100.0,"cantidadElectores":11655,"cantidadVotantes":9104,"participacionPorcentaje":78.11},"valoresTotalizadosPositivos":[{"idAgrupacion":"241","idAgrupacionTelegrama":"501","nombreAgrupacion":"FRENTE DE TODOS","urlLogo":null,"votos":3172,"votosPorcentaje":36.55},{"idAgrupacion":"242","idAgrupacionTelegrama":"502","nombreAgrupacion":"JUNTOS POR EL CAMBIO JXC","urlLogo":null,"votos":2962,"votosPorcentaje":34.13},{"idAgrupacion":"238","idAgrupacionTelegrama":"181","nombreAgrupacion":"FUERZA REPUBLICANA","urlLogo":null,"votos":1430,"votosPorcentaje":16.47},{"idAgrupacion":"244","idAgrupacionTelegrama":"504","nombreAgrupacion":"FRENTE AMPLIO POR TUCUMÁN","urlLogo":null,"votos":762,"votosPorcentaje":8.78},{"idAgrupacion":"243","idAgrupacionTelegrama":"503","nombreAgrupacion":"FRENTE DE IZQUIERDA Y DE TRABAJADORES - UNIDAD","urlLogo":null,"votos":352,"votosPorcentaje":4.05}],"valoresTotalizadosOtros":{"votosNulos":150,"votosNulosPorcentaje":1.64,"votosEnBlanco":272,"votosEnBlancoPorcentaje":2.98,"votosRecurridosComandoImpugnados":4,"votosRecurridosComandoImpugnadosPorcentaje":0.04}}