{"fechaTotalizacion":"Nov 15, 2021, 2:45:22 AM","estadoRecuento":{"mesasEsperadas":24,"mesasTotalizadas":24,"mesasTotalizadasPorcentaje":100.0,"cantidadElectores":6968,"cantidadVotantes":5008,"participacionPorcentaje":71.87},"valoresTotalizadosPositivos":[{"idAgrupacion":"250","idAgrupacionTelegrama":"501","nombreAgrupacion":"FRENTE DE TODOS","urlLogo":null,"votos":1890,"votosPorcentaje":41.27},{"idAgrupacion":"251","idAgrupacionTelegrama":"502","nombreAgrupacion":"JUNTOS POR EL CAMBIO TIERRA DEL FUEGO","urlLogo":null,"votos":1243,"votosPorcentaje":27.14},{"idAgrupacion":"247","idAgrupacionTelegrama":"167","nombreAgrupacion":"SOMOS FUEGUINOS","urlLogo":null,"votos":571,"votosPorcentaje":12.46},{"idAgrupacion":"248","idAgrupacionTelegrama":"212","nombreAgrupacion":"REPUBLICANOS UNIDOS","urlLogo":null,"votos":397,"votosPorcentaje":8.67},{"idAgrupacion":"245","idAgrupacionTelegrama":"89","nombreAgrupacion":"OBRERO","urlLogo":null,"votos":253,"votosPorcentaje":5.52},{"idAgrupacion":"246","idAgrupacionTelegrama":"154","nombreAgrupacion":"MOVIMIENTO POPULAR FUEGUINO","urlLogo":null,"votos":152,"votosPorcentaje":3.31},{"idAgrupacion":"249","idAgrupacionTelegrama":"214","nombreAgrupacion":"MOVIMIENTO AL SOCIALISMO","urlLogo":null,"votos":73,"votosPorcentaje":1.59}],"valoresTotalizadosOtros":{"votosNulos":356,"votosNulosPorcentaje":7.1,"votosEnBlanco":68,"votosEnBlancoPorcentaje":1.35,"votosRecurridosComandoImpugnados":5,"votosRecurridosComandoImpugnadosPorcentaje":0.09}}