{"fechaTotalizacion":"Nov 15, 2021, 2:45:22 AM","estadoRecuento":{"mesasEsperadas":16,"mesasTotalizadas":16,"mesasTotalizadasPorcentaje":100.0,"cantidadElectores":4577,"cantidadVotantes":3311,"participacionPorcentaje":72.33},"valoresTotalizadosPositivos":[{"idAgrupacion":"250","idAgrupacionTelegrama":"501","nombreAgrupacion":"FRENTE DE TODOS","urlLogo":null,"votos":1076,"votosPorcentaje":34.74},{"idAgrupacion":"251","idAgrupacionTelegrama":"502","nombreAgrupacion":"JUNTOS POR EL CAMBIO TIERRA DEL FUEGO","urlLogo":null,"votos":1000,"votosPorcentaje":32.28},{"idAgrupacion":"247","idAgrupacionTelegrama":"167","nombreAgrupacion":"SOMOS FUEGUINOS","urlLogo":null,"votos":715,"votosPorcentaje":23.08},{"idAgrupacion":"248","idAgrupacionTelegrama":"212","nombreAgrupacion":"REPUBLICANOS UNIDOS","urlLogo":null,"votos":107,"votosPorcentaje":3.45},{"idAgrupacion":"245","idAgrupacionTelegrama":"89","nombreAgrupacion":"OBRERO","urlLogo":null,"votos":80,"votosPorcentaje":2.58},{"idAgrupacion":"246","idAgrupacionTelegrama":"154","nombreAgrupacion":"MOVIMIENTO POPULAR FUEGUINO","urlLogo":null,"votos":75,"votosPorcentaje":2.42},{"idAgrupacion":"249","idAgrupacionTelegrama":"214","nombreAgrupacion":"MOVIMIENTO AL SOCIALISMO","urlLogo":null,"votos":44,"votosPorcentaje":1.42}],"valoresTotalizadosOtros":{"votosNulos":180,"votosNulosPorcentaje":5.43,"votosEnBlanco":29,"votosEnBlancoPorcentaje":0.87,"votosRecurridosComandoImpugnados":5,"votosRecurridosComandoImpugnadosPorcentaje":0.15}}